"index","returned","order_id","market"
"0","Yes","MX-2013-168137","LATAM"
"1","Yes","US-2011-165316","LATAM"
"2","Yes","ES-2013-1525878","EU"
"3","Yes","CA-2013-118311","United States"
"4","Yes","ES-2011-1276768","EU"
"5","Yes","MX-2013-131247","LATAM"
"6","Yes","ID-2011-20975","APAC"
"7","Yes","IN-2014-58460","APAC"
"8","Yes","ES-2011-3028321","EU"
"9","Yes","MX-2014-148285","LATAM"
"10","Yes","IN-2014-54708","APAC"
"11","Yes","ID-2011-20989","APAC"
"12","Yes","ES-2013-3323529","EU"
"13","Yes","MX-2014-135328","LATAM"
"14","Yes","IN-2012-63934","APAC"
"15","Yes","IN-2014-43039","APAC"
"16","Yes","CA-2012-150875","United States"
"17","Yes","ES-2011-3074997","EU"
"18","Yes","CA-2011-133690","United States"
"19","Yes","IN-2014-84948","APAC"
"20","Yes","CA-2013-157280","United States"
"21","Yes","ID-2012-44173","APAC"
"22","Yes","CA-2012-111948","United States"
"23","Yes","CA-2014-167003","United States"
"24","Yes","CA-2012-149636","United States"
"25","Yes","IN-2014-46007","APAC"
"26","Yes","CA-2014-154074","United States"
"27","Yes","MX-2014-114601","LATAM"
"28","Yes","MX-2014-142643","LATAM"
"29","Yes","IN-2011-38965","APAC"
"30","Yes","IN-2014-14003","APAC"
"31","Yes","CA-2014-166898","United States"
"32","Yes","IN-2014-15676","APAC"
"33","Yes","ES-2014-4295205","EU"
"34","Yes","US-2012-106551","LATAM"
"35","Yes","MX-2013-110135","LATAM"
"36","Yes","CA-2011-102652","United States"
"37","Yes","CA-2012-151547","United States"
"38","Yes","US-2012-115196","LATAM"
"39","Yes","MX-2012-153325","LATAM"
"40","Yes","MX-2012-128363","LATAM"
"41","Yes","ES-2014-4790238","EU"
"42","Yes","MX-2011-156755","LATAM"
"43","Yes","MX-2013-133074","LATAM"
"44","Yes","IN-2014-10979","APAC"
"45","Yes","IN-2014-17027","APAC"
"46","Yes","US-2011-104535","LATAM"
"47","Yes","IT-2013-4354136","EU"
"48","Yes","ID-2014-86033","APAC"
"49","Yes","ES-2012-2088434","EU"
"50","Yes","CA-2013-126529","United States"
"51","Yes","CA-2014-103380","United States"
"52","Yes","IN-2012-68911","APAC"
"53","Yes","IN-2014-44012","APAC"
"54","Yes","IN-2012-29228","APAC"
"55","Yes","ID-2013-67693","APAC"
"56","Yes","MX-2012-129560","LATAM"
"57","Yes","MX-2014-135867","LATAM"
"58","Yes","MX-2013-135916","LATAM"
"59","Yes","CA-2013-105291","United States"
"60","Yes","ID-2014-68505","APAC"
"61","Yes","US-2012-112004","LATAM"
"62","Yes","IN-2013-68449","APAC"
"63","Yes","IN-2014-28640","APAC"
"64","Yes","MX-2012-105662","LATAM"
"65","Yes","ES-2014-4472745","EU"
"66","Yes","US-2013-162068","LATAM"
"67","Yes","ID-2011-69142","APAC"
"68","Yes","MX-2011-157000","LATAM"
"69","Yes","IN-2011-72502","APAC"
"70","Yes","IN-2013-13786","APAC"
"71","Yes","MX-2012-104269","LATAM"
"72","Yes","MX-2012-152905","LATAM"
"73","Yes","IN-2012-39889","APAC"
"74","Yes","IT-2014-5517515","EU"
"75","Yes","ES-2014-5297792","EU"
"76","Yes","MX-2013-139948","LATAM"
"77","Yes","IT-2014-2277753","EU"
"78","Yes","IN-2014-25637","APAC"
"79","Yes","MX-2013-110828","LATAM"
"80","Yes","CA-2014-138163","United States"
"81","Yes","IN-2014-62366","APAC"
"82","Yes","MX-2013-134831","LATAM"
"83","Yes","ES-2012-1295099","EU"
"84","Yes","IN-2012-30572","APAC"
"85","Yes","ES-2014-5385720","EU"
"86","Yes","ES-2013-5106699","EU"
"87","Yes","ID-2014-56752","APAC"
"88","Yes","ID-2013-72362","APAC"
"89","Yes","US-2013-114293","United States"
"90","Yes","ES-2014-1703772","EU"
"91","Yes","IN-2013-69128","APAC"
"92","Yes","ID-2011-49031","APAC"
"93","Yes","ES-2012-4804562","EU"
"94","Yes","IN-2012-13772","APAC"
"95","Yes","IN-2012-44691","APAC"
"96","Yes","US-2014-167178","LATAM"
"97","Yes","ID-2014-17475","APAC"
"98","Yes","IT-2014-4273010","EU"
"99","Yes","IN-2013-55135","APAC"
"100","Yes","ES-2013-2638509","EU"
"101","Yes","IN-2014-47848","APAC"
"102","Yes","IN-2011-56486","APAC"
"103","Yes","IT-2013-1665440","EU"
"104","Yes","CA-2012-141593","United States"
"105","Yes","IN-2014-51607","APAC"
"106","Yes","ES-2013-5648133","EU"
"107","Yes","ES-2013-2310454","EU"
"108","Yes","MX-2011-131688","LATAM"
"109","Yes","IN-2014-46595","APAC"
"110","Yes","US-2012-157224","LATAM"
"111","Yes","CA-2011-108609","United States"
"112","Yes","IN-2011-25070","APAC"
"113","Yes","IN-2014-43410","APAC"
"114","Yes","US-2013-151379","LATAM"
"115","Yes","IN-2012-78865","APAC"
"116","Yes","MX-2013-128440","LATAM"
"117","Yes","CA-2012-153220","United States"
"118","Yes","ES-2014-1182889","EU"
"119","Yes","CA-2014-123085","United States"
"120","Yes","ES-2011-5032747","EU"
"121","Yes","IN-2014-73447","APAC"
"122","Yes","ES-2013-5623189","EU"
"123","Yes","MX-2012-148586","LATAM"
"124","Yes","ES-2014-2731678","EU"
"125","Yes","IN-2013-12715","APAC"
"126","Yes","MX-2013-110933","LATAM"
"127","Yes","CA-2012-112144","United States"
"128","Yes","MX-2012-113817","LATAM"
"129","Yes","CA-2014-145772","United States"
"130","Yes","ID-2013-51446","APAC"
"131","Yes","US-2012-146801","LATAM"
"132","Yes","CA-2011-169019","United States"
"133","Yes","MX-2011-108749","LATAM"
"134","Yes","IN-2013-55639","APAC"
"135","Yes","ID-2011-77619","APAC"
"136","Yes","CA-2011-126522","United States"
"137","Yes","ES-2011-5803751","EU"
"138","Yes","ES-2014-1627638","EU"
"139","Yes","IN-2012-56682","APAC"
"140","Yes","MX-2012-143826","LATAM"
"141","Yes","CA-2014-142867","United States"
"142","Yes","US-2013-108049","LATAM"
"143","Yes","ES-2013-4009230","EU"
"144","Yes","CA-2014-167395","United States"
"145","Yes","US-2011-137673","LATAM"
"146","Yes","MX-2014-132927","LATAM"
"147","Yes","ES-2013-3078948","EU"
"148","Yes","CA-2012-149342","United States"
"149","Yes","IN-2012-70073","APAC"
"150","Yes","IN-2011-59013","APAC"
"151","Yes","ID-2014-33680","APAC"
"152","Yes","US-2013-130239","LATAM"
"153","Yes","ES-2013-1874583","EU"
"154","Yes","ES-2012-5238758","EU"
"155","Yes","IN-2012-23089","APAC"
"156","Yes","MX-2011-147039","LATAM"
"157","Yes","IN-2012-25371","APAC"
"158","Yes","ES-2013-1072619","EU"
"159","Yes","IN-2014-62338","APAC"
"160","Yes","ES-2011-5464858","EU"
"161","Yes","MX-2011-108560","LATAM"
"162","Yes","CA-2014-161557","United States"
"163","Yes","ES-2012-2376426","EU"
"164","Yes","IT-2011-1521406","EU"
"165","Yes","IN-2013-27828","APAC"
"166","Yes","US-2011-119935","LATAM"
"167","Yes","MX-2012-134446","LATAM"
"168","Yes","MX-2014-121377","LATAM"
"169","Yes","CA-2014-108931","United States"
"170","Yes","MX-2011-168662","LATAM"
"171","Yes","ES-2014-5762425","EU"
"172","Yes","IN-2014-27863","APAC"
"173","Yes","CA-2014-154214","United States"
"174","Yes","ES-2014-2769035","EU"
"175","Yes","IN-2013-47911","APAC"
"176","Yes","ES-2011-3864297","EU"
"177","Yes","MX-2013-148628","LATAM"
"178","Yes","CA-2013-133802","United States"
"179","Yes","ID-2013-41968","APAC"
"180","Yes","ES-2014-3609825","EU"
"181","Yes","US-2014-143441","LATAM"
"182","Yes","IN-2012-10986","APAC"
"183","Yes","ES-2011-4694484","EU"
"184","Yes","MX-2014-147599","LATAM"
"185","Yes","IN-2013-15466","APAC"
"186","Yes","MX-2013-131142","LATAM"
"187","Yes","ID-2013-83975","APAC"
"188","Yes","ES-2012-2280466","EU"
"189","Yes","ES-2013-3007238","EU"
"190","Yes","ES-2013-3927096","EU"
"191","Yes","ES-2013-5911126","EU"
"192","Yes","CA-2014-101805","United States"
"193","Yes","ID-2011-64599","APAC"
"194","Yes","IN-2014-35346","APAC"
"195","Yes","CA-2012-104129","United States"
"196","Yes","US-2013-108455","United States"
"197","Yes","ID-2011-17286","APAC"
"198","Yes","ES-2013-5746149","EU"
"199","Yes","IN-2012-75211","APAC"
"200","Yes","MX-2014-155740","LATAM"
"201","Yes","IN-2013-59454","APAC"
"202","Yes","ES-2012-3715659","EU"
"203","Yes","ES-2014-1526550","EU"
"204","Yes","IN-2014-46665","APAC"
"205","Yes","ES-2014-5060319","EU"
"206","Yes","MX-2013-141901","LATAM"
"207","Yes","IN-2012-75134","APAC"
"208","Yes","US-2013-131149","United States"
"209","Yes","ES-2011-5201850","EU"
"210","Yes","IN-2012-52657","APAC"
"211","Yes","CA-2013-159345","United States"
"212","Yes","IT-2011-2911544","EU"
"213","Yes","ES-2012-5645358","EU"
"214","Yes","CA-2013-116736","United States"
"215","Yes","CA-2011-160766","United States"
"216","Yes","ES-2014-4079805","EU"
"217","Yes","CA-2014-143084","United States"
"218","Yes","CA-2012-157770","United States"
"219","Yes","ES-2011-3108517","EU"
"220","Yes","US-2011-121636","LATAM"
"221","Yes","ES-2014-5275437","EU"
"222","Yes","ID-2012-28255","APAC"
"223","Yes","ES-2013-1925248","EU"
"224","Yes","CA-2012-113628","United States"
"225","Yes","MX-2014-107279","LATAM"
"226","Yes","IN-2011-35857","APAC"
"227","Yes","CA-2013-145919","United States"
"228","Yes","MX-2014-161578","LATAM"
"229","Yes","IN-2012-33918","APAC"
"230","Yes","ES-2013-3061639","EU"
"231","Yes","CA-2014-166093","United States"
"232","Yes","MX-2012-122553","LATAM"
"233","Yes","CA-2011-127012","United States"
"234","Yes","ID-2011-55142","APAC"
"235","Yes","IT-2011-3468929","EU"
"236","Yes","IN-2013-25112","APAC"
"237","Yes","CA-2014-131492","United States"
"238","Yes","ES-2014-5830221","EU"
"239","Yes","IT-2013-3876077","EU"
"240","Yes","ES-2013-5002349","EU"
"241","Yes","CA-2013-118500","United States"
"242","Yes","CA-2014-119284","United States"
"243","Yes","IN-2011-86642","APAC"
"244","Yes","ID-2012-32350","APAC"
"245","Yes","ID-2013-29662","APAC"
"246","Yes","CA-2014-137414","United States"
"247","Yes","CA-2011-109918","United States"
"248","Yes","CA-2014-140151","United States"
"249","Yes","CA-2012-142601","United States"
"250","Yes","ES-2013-2603153","EU"
"251","Yes","IN-2012-67791","APAC"
"252","Yes","ES-2014-5666305","EU"
"253","Yes","CA-2014-124401","United States"
"254","Yes","MX-2014-167493","LATAM"
"255","Yes","MX-2013-111073","LATAM"
"256","Yes","ES-2014-4442693","EU"
"257","Yes","IN-2014-35395","APAC"
"258","Yes","CA-2013-152814","United States"
"259","Yes","ES-2014-4963892","EU"
"260","Yes","CA-2014-130631","United States"
"261","Yes","ID-2011-20604","APAC"
"262","Yes","IN-2011-11889","APAC"
"263","Yes","MX-2013-111500","LATAM"
"264","Yes","IT-2012-3986604","EU"
"265","Yes","CA-2012-119907","United States"
"266","Yes","ES-2014-5296123","EU"
"267","Yes","CA-2011-123498","United States"
"268","Yes","IN-2014-30649","APAC"
"269","Yes","MX-2014-120607","LATAM"
"270","Yes","IN-2012-68897","APAC"
"271","Yes","CA-2013-159023","United States"
"272","Yes","IN-2013-14437","APAC"
"273","Yes","ES-2012-4079399","EU"
"274","Yes","CA-2014-129707","United States"
"275","Yes","CA-2012-154970","United States"
"276","Yes","ES-2013-1217902","EU"
"277","Yes","ES-2012-1484906","EU"
"278","Yes","CA-2014-108294","United States"
"279","Yes","US-2013-144057","United States"
"280","Yes","US-2013-152051","United States"
"281","Yes","US-2014-104010","LATAM"
"282","Yes","ID-2014-41191","APAC"
"283","Yes","MX-2012-164777","LATAM"
"284","Yes","ES-2014-3730302","EU"
"285","Yes","MX-2011-114685","LATAM"
"286","Yes","ES-2013-2048769","EU"
"287","Yes","ES-2014-3638264","EU"
"288","Yes","MX-2011-133564","LATAM"
"289","Yes","ES-2013-3446925","EU"
"290","Yes","CA-2012-119214","United States"
"291","Yes","US-2014-103247","United States"
"292","Yes","ID-2014-11098","APAC"
"293","Yes","CA-2014-109085","United States"
"294","Yes","ES-2014-5513140","EU"
"295","Yes","CA-2013-126732","United States"
"296","Yes","ES-2014-1178010","EU"
"297","Yes","ID-2013-13562","APAC"
"298","Yes","ES-2014-1734818","EU"
"299","Yes","MX-2013-131660","LATAM"
"300","Yes","ES-2013-5616549","EU"
"301","Yes","CA-2013-134803","United States"
"302","Yes","IN-2014-68008","APAC"
"303","Yes","ES-2011-4359424","EU"
"304","Yes","ES-2014-4147581","EU"
"305","Yes","CA-2013-167759","United States"
"306","Yes","MX-2013-168228","LATAM"
"307","Yes","MX-2013-125696","LATAM"
"308","Yes","CA-2014-131828","United States"
"309","Yes","IN-2012-44810","APAC"
"310","Yes","IN-2014-66062","APAC"
"311","Yes","ES-2014-2901069","EU"
"312","Yes","CA-2012-140984","United States"
"313","Yes","IN-2013-33204","APAC"
"314","Yes","ES-2012-5365524","EU"
"315","Yes","CA-2012-164882","United States"
"316","Yes","MX-2014-145429","LATAM"
"317","Yes","ID-2014-39084","APAC"
"318","Yes","ES-2012-4840257","EU"
"319","Yes","IN-2013-35087","APAC"
"320","Yes","MX-2014-148509","LATAM"
"321","Yes","IN-2012-35990","APAC"
"322","Yes","ES-2013-4184078","EU"
"323","Yes","US-2014-147998","United States"
"324","Yes","ES-2014-5438886","EU"
"325","Yes","ES-2013-5734148","EU"
"326","Yes","ES-2014-4598380","EU"
"327","Yes","ES-2012-1845274","EU"
"328","Yes","MX-2013-134194","LATAM"
"329","Yes","CA-2011-126403","United States"
"330","Yes","IN-2013-40218","APAC"
"331","Yes","MX-2012-156720","LATAM"
"332","Yes","MX-2014-149881","LATAM"
"333","Yes","ES-2012-1382586","EU"
"334","Yes","CA-2011-135657","United States"
"335","Yes","ES-2013-4441922","EU"
"336","Yes","MX-2014-139591","LATAM"
"337","Yes","IT-2014-2068457","EU"
"338","Yes","MX-2011-124170","LATAM"
"339","Yes","CA-2011-134726","United States"
"340","Yes","CA-2014-101700","United States"
"341","Yes","ES-2012-4286133","EU"
"342","Yes","CA-2014-117212","United States"
"343","Yes","MX-2014-165694","LATAM"
"344","Yes","MX-2013-168739","LATAM"
"345","Yes","MX-2013-121545","LATAM"
"346","Yes","ES-2011-4816650","EU"
"347","Yes","CA-2014-152660","United States"
"348","Yes","ES-2012-5845607","EU"
"349","Yes","ES-2013-4650117","EU"
"350","Yes","ES-2013-1785128","EU"
"351","Yes","IN-2013-64578","APAC"
"352","Yes","CA-2014-142328","United States"
"353","Yes","ES-2013-1610512","EU"
"354","Yes","ES-2012-3471401","EU"
"355","Yes","US-2012-148880","LATAM"
"356","Yes","MX-2013-107167","LATAM"
"357","Yes","CA-2012-146262","United States"
"358","Yes","IN-2013-35304","APAC"
"359","Yes","IN-2013-48807","APAC"
"360","Yes","CA-2012-144267","United States"
"361","Yes","ES-2013-1713812","EU"
"362","Yes","CA-2014-158729","United States"
"363","Yes","IN-2012-59391","APAC"
"364","Yes","CA-2013-151323","United States"
"365","Yes","CA-2012-168480","United States"
"366","Yes","IN-2011-24069","APAC"
"367","Yes","US-2014-123484","LATAM"
"368","Yes","CA-2014-115994","United States"
"369","Yes","CA-2012-157812","United States"
"370","Yes","CA-2014-132346","United States"
"371","Yes","CA-2012-143490","United States"
"372","Yes","CA-2014-121258","United States"
"373","Yes","IN-2014-37712","APAC"
"374","Yes","ES-2011-2417338","EU"
"375","Yes","MX-2012-125808","LATAM"
"376","Yes","CA-2014-118542","United States"
"377","Yes","IN-2012-41261","APAC"
"378","Yes","MX-2011-126592","LATAM"
"379","Yes","MX-2011-136546","LATAM"
"380","Yes","MX-2014-126165","LATAM"
"381","Yes","US-2013-114230","United States"
"382","Yes","ES-2014-1873734","EU"
"383","Yes","CA-2014-165491","United States"
"384","Yes","MX-2013-112956","LATAM"
"385","Yes","ID-2012-57193","APAC"
"386","Yes","CA-2013-114727","United States"
"387","Yes","US-2012-113754","LATAM"
"388","Yes","MX-2014-135706","LATAM"
"389","Yes","CA-2012-101910","United States"
"390","Yes","IN-2014-49402","APAC"
"391","Yes","ES-2013-3877962","EU"
"392","Yes","MX-2014-125661","LATAM"
"393","Yes","MX-2012-148054","LATAM"
"394","Yes","IN-2013-19400","APAC"
"395","Yes","MX-2012-115070","LATAM"
"396","Yes","IT-2013-3395178","EU"
"397","Yes","CA-2013-162159","United States"
"398","Yes","ES-2014-1651774","EU"
"399","Yes","IN-2013-18497","APAC"
"400","Yes","MX-2012-161704","LATAM"
"401","Yes","IN-2011-23712","APAC"
"402","Yes","ES-2012-4717022","EU"
"403","Yes","MX-2013-159100","LATAM"
"404","Yes","US-2014-146080","LATAM"
"405","Yes","ES-2014-2638373","EU"
"406","Yes","US-2012-154550","LATAM"
"407","Yes","IN-2014-41814","APAC"
"408","Yes","IN-2011-56451","APAC"
"409","Yes","IN-2014-23481","APAC"
"410","Yes","MX-2012-151904","LATAM"
"411","Yes","US-2011-156034","LATAM"
"412","Yes","IN-2014-58607","APAC"
"413","Yes","IN-2014-31356","APAC"
"414","Yes","MX-2014-156615","LATAM"
"415","Yes","CA-2014-154949","United States"
"416","Yes","IN-2012-45972","APAC"
"417","Yes","CA-2011-157924","United States"
"418","Yes","MX-2014-142601","LATAM"
"419","Yes","MX-2012-101021","LATAM"
"420","Yes","CA-2014-157196","United States"
"421","Yes","ES-2012-3362320","EU"
"422","Yes","ES-2014-4856325","EU"
"423","Yes","MX-2011-122735","LATAM"
"424","Yes","IN-2011-33183","APAC"
"425","Yes","US-2011-163860","LATAM"
"426","Yes","CA-2013-147375","United States"
"427","Yes","IN-2014-37033","APAC"
"428","Yes","US-2013-119046","United States"
"429","Yes","ES-2013-4487295","EU"
"430","Yes","ID-2013-22025","APAC"
"431","Yes","ID-2013-48709","APAC"
"432","Yes","CA-2014-147452","United States"
"433","Yes","CA-2011-103373","United States"
"434","Yes","CA-2011-104829","United States"
"435","Yes","IT-2013-4864604","EU"
"436","Yes","ES-2013-2645491","EU"
"437","Yes","CA-2014-145128","United States"
"438","Yes","ES-2011-3249098","EU"
"439","Yes","ID-2014-15186","APAC"
"440","Yes","MX-2011-132815","LATAM"
"441","Yes","MX-2013-123386","LATAM"
"442","Yes","IT-2013-4962578","EU"
"443","Yes","ES-2012-4193401","EU"
"444","Yes","IT-2012-3746228","EU"
"445","Yes","ES-2013-3093926","EU"
"446","Yes","MX-2012-112662","LATAM"
"447","Yes","MX-2014-159800","LATAM"
"448","Yes","ES-2012-2102738","EU"
"449","Yes","US-2013-105578","United States"
"450","Yes","US-2011-164763","United States"
"451","Yes","ID-2014-45580","APAC"
"452","Yes","MX-2012-143175","LATAM"
"453","Yes","IN-2011-10419","APAC"
"454","Yes","MX-2013-109771","LATAM"
"455","Yes","MX-2013-111010","LATAM"
"456","Yes","ID-2014-71403","APAC"
"457","Yes","IN-2011-53203","APAC"
"458","Yes","ES-2013-4897406","EU"
"459","Yes","MX-2013-143301","LATAM"
"460","Yes","IT-2014-3941500","EU"
"461","Yes","IN-2011-76758","APAC"
"462","Yes","IN-2012-83380","APAC"
"463","Yes","CA-2012-103716","United States"
"464","Yes","IN-2011-31020","APAC"
"465","Yes","CA-2013-123526","United States"
"466","Yes","ES-2011-1141056","EU"
"467","Yes","CA-2013-111682","United States"
"468","Yes","IN-2012-19995","APAC"
"469","Yes","IN-2014-44719","APAC"
"470","Yes","CA-2014-140585","United States"
"471","Yes","MX-2014-158589","LATAM"
"472","Yes","MX-2013-157007","LATAM"
"473","Yes","ES-2012-5466966","EU"
"474","Yes","MX-2011-121671","LATAM"
"475","Yes","CA-2013-105585","United States"
"476","Yes","US-2012-136987","United States"
"477","Yes","CA-2013-134775","United States"
"478","Yes","ID-2013-59566","APAC"
"479","Yes","MX-2013-141159","LATAM"
"480","Yes","ES-2014-5368780","EU"
"481","Yes","CA-2013-136924","United States"
"482","Yes","US-2013-167129","LATAM"
"483","Yes","CA-2014-123491","United States"
"484","Yes","ES-2012-1986848","EU"
"485","Yes","IN-2014-16929","APAC"
"486","Yes","CA-2011-100867","United States"
"487","Yes","US-2014-118087","United States"
"488","Yes","ES-2013-4375143","EU"
"489","Yes","CA-2013-130680","United States"
"490","Yes","ES-2013-5246151","EU"
"491","Yes","IN-2013-59160","APAC"
"492","Yes","MX-2013-137610","LATAM"
"493","Yes","IN-2012-52524","APAC"
"494","Yes","CA-2014-112865","United States"
"495","Yes","MX-2012-166730","LATAM"
"496","Yes","ES-2012-4844965","EU"
"497","Yes","CA-2011-141726","United States"
"498","Yes","MX-2012-142664","LATAM"
"499","Yes","IN-2014-61932","APAC"
"500","Yes","CA-2013-114307","United States"
"501","Yes","CA-2014-159954","United States"
"502","Yes","MX-2013-167213","LATAM"
"503","Yes","MX-2014-130694","LATAM"
"504","Yes","ID-2013-23495","APAC"
"505","Yes","ES-2013-1093488","EU"
"506","Yes","MX-2011-120719","LATAM"
"507","Yes","MX-2012-104423","LATAM"
"508","Yes","IN-2011-63808","APAC"
"509","Yes","MX-2014-131366","LATAM"
"510","Yes","CA-2014-100111","United States"
"511","Yes","ID-2011-78592","APAC"
"512","Yes","ES-2014-3277356","EU"
"513","Yes","CA-2013-138282","United States"
"514","Yes","CA-2013-115917","United States"
"515","Yes","ID-2013-79117","APAC"
"516","Yes","US-2011-164406","United States"
"517","Yes","MX-2014-165575","LATAM"
"518","Yes","IN-2011-23789","APAC"
"519","Yes","ES-2013-3988133","EU"
"520","Yes","MX-2012-124975","LATAM"
"521","Yes","MX-2011-124688","LATAM"
"522","Yes","IN-2011-64361","APAC"
"523","Yes","MX-2011-108077","LATAM"
"524","Yes","ES-2011-4351366","EU"
"525","Yes","IN-2014-60476","APAC"
"526","Yes","MX-2012-150910","LATAM"
"527","Yes","IN-2011-50613","APAC"
"528","Yes","MX-2014-117240","LATAM"
"529","Yes","ES-2014-1197792","EU"
"530","Yes","IT-2012-1180980","EU"
"531","Yes","ES-2014-4626156","EU"
"532","Yes","CA-2014-121853","United States"
"533","Yes","ES-2013-2339975","EU"
"534","Yes","MX-2013-101455","LATAM"
"535","Yes","IT-2012-3613157","EU"
"536","Yes","MX-2011-146479","LATAM"
"537","Yes","CA-2013-150077","United States"
"538","Yes","CA-2013-166275","United States"
"539","Yes","IN-2011-17594","APAC"
"540","Yes","CA-2011-159338","United States"
"541","Yes","IN-2012-28493","APAC"
"542","Yes","CA-2012-146486","United States"
"543","Yes","MX-2012-159674","LATAM"
"544","Yes","IN-2013-65068","APAC"
"545","Yes","CA-2011-151162","United States"
"546","Yes","CA-2011-111871","United States"
"547","Yes","ID-2013-36312","APAC"
"548","Yes","CA-2013-142398","United States"
"549","Yes","US-2014-159485","LATAM"
"550","Yes","US-2014-136679","LATAM"
"551","Yes","IT-2014-2508683","EU"
"552","Yes","MX-2012-125283","LATAM"
"553","Yes","ES-2013-1906012","EU"
"554","Yes","US-2014-118612","LATAM"
"555","Yes","IN-2014-64347","APAC"
"556","Yes","MX-2014-105641","LATAM"
"557","Yes","IN-2014-39931","APAC"
"558","Yes","IN-2012-44509","APAC"
"559","Yes","ES-2012-5757351","EU"
"560","Yes","IT-2012-3091951","EU"
"561","Yes","MX-2012-154179","LATAM"
"562","Yes","CA-2012-161627","United States"
"563","Yes","MX-2013-119879","LATAM"
"564","Yes","ES-2012-2212320","EU"
"565","Yes","US-2012-136749","United States"
"566","Yes","US-2012-108917","LATAM"
"567","Yes","CA-2014-107825","United States"
"568","Yes","MX-2011-105298","LATAM"
"569","Yes","CA-2011-126361","United States"
"570","Yes","ID-2014-16474","APAC"
"571","Yes","ID-2011-24160","APAC"
"572","Yes","CA-2014-131807","United States"
"573","Yes","CA-2011-143840","United States"
"574","Yes","CA-2014-155712","United States"
"575","Yes","MX-2013-152912","LATAM"
"576","Yes","ES-2014-5822421","EU"
"577","Yes","MX-2013-115805","LATAM"
"578","Yes","CA-2011-127131","United States"
"579","Yes","ES-2013-2491395","EU"
"580","Yes","US-2011-105137","United States"
"581","Yes","ES-2013-1706935","EU"
"582","Yes","MX-2014-134222","LATAM"
"583","Yes","ES-2014-1620754","EU"
"584","Yes","MX-2013-133690","LATAM"
"585","Yes","MX-2014-167115","LATAM"
"586","Yes","CA-2014-137428","United States"
"587","Yes","ES-2014-1006059","EU"
"588","Yes","CA-2013-124527","United States"
"589","Yes","IN-2013-41198","APAC"
"590","Yes","CA-2014-150910","United States"
"591","Yes","IN-2013-12736","APAC"
"592","Yes","IN-2013-53140","APAC"
"593","Yes","IN-2012-16845","APAC"
"594","Yes","US-2013-158190","LATAM"
"595","Yes","MX-2011-169467","LATAM"
"596","Yes","IN-2014-11637","APAC"
"597","Yes","ID-2011-65124","APAC"
"598","Yes","IN-2013-84584","APAC"
"599","Yes","IN-2014-38356","APAC"
"600","Yes","IN-2012-80370","APAC"
"601","Yes","CA-2013-151372","United States"
"602","Yes","CA-2012-156440","United States"
"603","Yes","IN-2011-36179","APAC"
"604","Yes","US-2014-103828","United States"
"605","Yes","ES-2013-3159008","EU"
"606","Yes","IN-2012-36788","APAC"
"607","Yes","MX-2014-126221","LATAM"
"608","Yes","ID-2013-64970","APAC"
"609","Yes","MX-2013-160948","LATAM"
"610","Yes","ES-2013-3570218","EU"
"611","Yes","CA-2013-130477","United States"
"612","Yes","ID-2013-85074","APAC"
"613","Yes","IN-2011-73055","APAC"
"614","Yes","MX-2011-145870","LATAM"
"615","Yes","ID-2014-25707","APAC"
"616","Yes","MX-2014-112585","LATAM"
"617","Yes","CA-2011-148950","United States"
"618","Yes","MX-2013-128027","LATAM"
"619","Yes","ES-2012-3330001","EU"
"620","Yes","ID-2011-57718","APAC"
"621","Yes","ES-2011-1228490","EU"
"622","Yes","IN-2013-25245","APAC"
"623","Yes","IN-2012-28024","APAC"
"624","Yes","CA-2014-112753","United States"
"625","Yes","MX-2013-101077","LATAM"
"626","Yes","IN-2014-72747","APAC"
"627","Yes","MX-2014-162075","LATAM"
"628","Yes","MX-2013-147844","LATAM"
"629","Yes","MX-2013-153094","LATAM"
"630","Yes","IN-2014-47799","APAC"
"631","Yes","US-2013-159660","LATAM"
"632","Yes","ES-2013-5881573","EU"
"633","Yes","CA-2014-166142","United States"
"634","Yes","ES-2012-3631542","EU"
"635","Yes","CA-2013-105081","United States"
"636","Yes","ES-2014-1012006","EU"
"637","Yes","ES-2014-2933395","EU"
"638","Yes","ID-2012-72453","APAC"
"639","Yes","CA-2013-109806","United States"
"640","Yes","MX-2014-114783","LATAM"
"641","Yes","ES-2012-5923089","EU"
"642","Yes","ID-2012-13982","APAC"
"643","Yes","CA-2011-152345","United States"
"644","Yes","ES-2012-3697227","EU"
"645","Yes","US-2014-107524","LATAM"
"646","Yes","IN-2011-85284","APAC"
"647","Yes","CA-2014-122504","United States"
"648","Yes","CA-2012-124058","United States"
"649","Yes","MX-2012-136042","LATAM"
"650","Yes","CA-2012-139731","United States"
"651","Yes","ES-2013-3547323","EU"
"652","Yes","ES-2012-5897153","EU"
"653","Yes","IN-2011-60560","APAC"
"654","Yes","CA-2012-123568","United States"
"655","Yes","ES-2014-4401602","EU"
"656","Yes","IT-2013-3060899","EU"
"657","Yes","ES-2014-2042578","EU"
"658","Yes","MX-2011-116218","LATAM"
"659","Yes","CA-2014-169327","United States"
"660","Yes","ES-2012-1721838","EU"
"661","Yes","ES-2012-1211902","EU"
"662","Yes","US-2013-151827","United States"
"663","Yes","ES-2014-5710826","EU"
"664","Yes","CA-2013-136483","United States"
"665","Yes","CA-2012-134201","United States"
"666","Yes","IN-2011-14017","APAC"
"667","Yes","IN-2013-17699","APAC"
"668","Yes","US-2014-167500","LATAM"
"669","Yes","CA-2014-150609","United States"
"670","Yes","MX-2013-115434","LATAM"
"671","Yes","MX-2011-119977","LATAM"
"672","Yes","CA-2012-109736","United States"
"673","Yes","ES-2014-4616921","EU"
"674","Yes","CA-2012-168564","United States"
"675","Yes","ES-2013-4116050","EU"
"676","Yes","US-2014-122672","LATAM"
"677","Yes","IN-2013-77878","APAC"
"678","Yes","CA-2014-101273","United States"
"679","Yes","MX-2013-146073","LATAM"
"680","Yes","IN-2011-30894","APAC"
"681","Yes","US-2011-138758","United States"
"682","Yes","IN-2013-21003","APAC"
"683","Yes","CA-2014-169894","United States"
"684","Yes","MX-2011-131478","LATAM"
"685","Yes","ID-2013-74357","APAC"
"686","Yes","CA-2012-107678","United States"
"687","Yes","ES-2014-2905780","EU"
"688","Yes","CA-2014-140053","United States"
"689","Yes","MX-2012-133942","LATAM"
"690","Yes","CA-2011-100762","United States"
"691","Yes","IN-2014-69205","APAC"
"692","Yes","CA-2014-142888","United States"
"693","Yes","IN-2014-23929","APAC"
"694","Yes","CA-2012-146255","United States"
"695","Yes","ES-2013-1341762","EU"
"696","Yes","CA-2013-145583","United States"
"697","Yes","IN-2013-51243","APAC"
"698","Yes","CA-2014-136308","United States"
"699","Yes","MX-2013-136224","LATAM"
"700","Yes","ID-2011-22011","APAC"
"701","Yes","CA-2012-130456","United States"
"702","Yes","IN-2011-86278","APAC"
"703","Yes","CA-2011-164861","United States"
"704","Yes","MX-2013-163797","LATAM"
"705","Yes","IN-2014-68337","APAC"
"706","Yes","CA-2011-148614","United States"
"707","Yes","IN-2013-70990","APAC"
"708","Yes","IT-2013-3468927","EU"
"709","Yes","MX-2012-111178","LATAM"
"710","Yes","CA-2011-153150","United States"
"711","Yes","ES-2012-2680511","EU"
"712","Yes","ID-2012-85095","APAC"
"713","Yes","IT-2011-2536577","EU"
"714","Yes","IT-2013-3132916","EU"
"715","Yes","MX-2014-106978","LATAM"
"716","Yes","IT-2013-3253363","EU"
"717","Yes","CA-2013-116547","United States"
"718","Yes","ES-2011-5389664","EU"
"719","Yes","CA-2012-150770","United States"
"720","Yes","ES-2011-5263174","EU"
"721","Yes","IN-2012-32882","APAC"
"722","Yes","CA-2011-143336","United States"
"723","Yes","IN-2014-73972","APAC"
"724","Yes","MX-2014-168536","LATAM"
"725","Yes","CA-2014-113670","United States"
"726","Yes","MX-2012-160388","LATAM"
"727","Yes","ES-2012-1363320","EU"
"728","Yes","CA-2013-148796","United States"
"729","Yes","ES-2012-3075381","EU"
"730","Yes","ES-2014-2299862","EU"
"731","Yes","CA-2012-116092","United States"
"732","Yes","IN-2013-49318","APAC"
"733","Yes","ES-2012-1439531","EU"
"734","Yes","IN-2014-57683","APAC"
"735","Yes","US-2011-132899","LATAM"
"736","Yes","IN-2014-71907","APAC"
"737","Yes","IN-2014-24531","APAC"
"738","Yes","ES-2012-4662036","EU"
"739","Yes","ID-2014-64914","APAC"
"740","Yes","ES-2012-2223096","EU"
"741","Yes","MX-2014-103919","LATAM"
"742","Yes","IT-2011-4648014","EU"
"743","Yes","ES-2013-1835691","EU"
"744","Yes","ES-2013-2091965","EU"
"745","Yes","CA-2014-117926","United States"
"746","Yes","US-2012-104997","LATAM"
"747","Yes","MX-2013-121160","LATAM"
"748","Yes","IN-2014-43571","APAC"
"749","Yes","ES-2013-4569090","EU"
"750","Yes","MX-2014-103149","LATAM"
"751","Yes","MX-2014-104122","LATAM"
"752","Yes","IN-2011-52125","APAC"
"753","Yes","ES-2013-4972434","EU"
"754","Yes","ES-2012-4007496","EU"
"755","Yes","CA-2012-105158","United States"
"756","Yes","IN-2012-85935","APAC"
"757","Yes","IT-2014-5470294","EU"
"758","Yes","US-2014-155999","United States"
"759","Yes","IN-2014-62275","APAC"
"760","Yes","IN-2013-48184","APAC"
"761","Yes","CA-2011-160773","United States"
"762","Yes","CA-2012-169397","United States"
"763","Yes","MX-2012-106229","LATAM"
"764","Yes","MX-2014-160857","LATAM"
"765","Yes","CA-2014-144064","United States"
"766","Yes","ES-2012-5207465","EU"
"767","Yes","ES-2014-5621218","EU"
"768","Yes","ID-2013-64060","APAC"
"769","Yes","US-2011-150574","United States"
"770","Yes","CA-2013-104689","United States"
"771","Yes","CA-2013-112123","United States"
"772","Yes","IN-2013-18175","APAC"
"773","Yes","ES-2014-1006842","EU"
"774","Yes","IN-2012-27597","APAC"
"775","Yes","US-2014-123834","United States"
"776","Yes","ES-2013-5685466","EU"
"777","Yes","ID-2012-16257","APAC"
"778","Yes","IN-2011-60196","APAC"
"779","Yes","IN-2014-50158","APAC"
"780","Yes","IN-2014-30173","APAC"
"781","Yes","MX-2014-131268","LATAM"
"782","Yes","CA-2012-135580","United States"
"783","Yes","IT-2013-2280110","EU"
"784","Yes","IN-2014-79593","APAC"
"785","Yes","MX-2012-133732","LATAM"
"786","Yes","CA-2013-112340","United States"
"787","Yes","CA-2011-124688","United States"
"788","Yes","IN-2014-38006","APAC"
"789","Yes","IN-2013-22571","APAC"
"790","Yes","ID-2011-27779","APAC"
"791","Yes","ES-2011-3366039","EU"
"792","Yes","IN-2011-62331","APAC"
"793","Yes","US-2014-161830","LATAM"
"794","Yes","MX-2011-155159","LATAM"
"795","Yes","IN-2014-77941","APAC"
"796","Yes","ES-2012-5566923","EU"
"797","Yes","CA-2014-101574","United States"
"798","Yes","IN-2013-51775","APAC"
"799","Yes","MX-2012-105424","LATAM"
"800","Yes","CA-2013-130638","United States"
"801","Yes","IT-2014-1725451","EU"
"802","Yes","MX-2012-113768","LATAM"
"803","Yes","IT-2012-5711400","EU"
"804","Yes","ES-2013-1795340","EU"
"805","Yes","US-2014-125626","LATAM"
"806","Yes","MX-2014-100895","LATAM"
"807","Yes","ES-2014-2228032","EU"
"808","Yes","ES-2014-5900887","EU"
"809","Yes","CA-2014-169859","United States"
"810","Yes","CA-2013-159212","United States"
"811","Yes","CA-2014-161459","United States"
"812","Yes","US-2013-151841","LATAM"
"813","Yes","CA-2011-103940","United States"
"814","Yes","ES-2013-5239444","EU"
"815","Yes","MX-2011-142545","LATAM"
"816","Yes","MX-2014-169887","LATAM"
"817","Yes","MX-2011-127670","LATAM"
"818","Yes","IT-2014-1858881","EU"
"819","Yes","CA-2014-137085","United States"
"820","Yes","IN-2012-66531","APAC"
"821","Yes","ES-2014-1193193","EU"
"822","Yes","MX-2012-101854","LATAM"
"823","Yes","ES-2014-2979530","EU"
"824","Yes","US-2012-126214","United States"
"825","Yes","CA-2014-117513","United States"
"826","Yes","US-2014-107888","United States"
"827","Yes","ES-2013-2335535","EU"
"828","Yes","ES-2013-4790317","EU"
"829","Yes","IN-2013-19645","APAC"
"830","Yes","IN-2014-29767","APAC"
"831","Yes","ES-2014-1398657","EU"
"832","Yes","ES-2014-5891109","EU"
"833","Yes","MX-2014-108973","LATAM"
"834","Yes","ES-2014-4387160","EU"
"835","Yes","CA-2012-132374","United States"
"836","Yes","CA-2013-128671","United States"
"837","Yes","IN-2011-40568","APAC"
"838","Yes","ID-2012-70857","APAC"
"839","Yes","IN-2012-73216","APAC"
"840","Yes","ES-2012-4829315","EU"
"841","Yes","IN-2014-18441","APAC"
"842","Yes","US-2011-144673","LATAM"
"843","Yes","MX-2013-145107","LATAM"
"844","Yes","IN-2012-44194","APAC"
"845","Yes","MX-2013-110149","LATAM"
"846","Yes","ES-2014-2280822","EU"
"847","Yes","MX-2013-116946","LATAM"
"848","Yes","MX-2014-103478","LATAM"
"849","Yes","US-2012-155831","LATAM"
"850","Yes","ES-2014-4505254","EU"
"851","Yes","CA-2011-123253","United States"
"852","Yes","IN-2013-19071","APAC"
"853","Yes","MX-2014-151134","LATAM"
"854","Yes","ID-2014-35374","APAC"
"855","Yes","MX-2014-154571","LATAM"
"856","Yes","US-2012-169712","LATAM"
"857","Yes","CA-2012-138674","United States"
"858","Yes","ES-2014-2557751","EU"
"859","Yes","US-2013-148957","United States"
"860","Yes","US-2014-147886","United States"
"861","Yes","ID-2011-23593","APAC"
"862","Yes","IN-2012-69870","APAC"
"863","Yes","MX-2014-117744","LATAM"
"864","Yes","MX-2014-141922","LATAM"
"865","Yes","MX-2014-102246","LATAM"
"866","Yes","ES-2013-5259588","EU"
"867","Yes","MX-2013-167913","LATAM"
"868","Yes","MX-2011-162488","LATAM"
"869","Yes","CA-2014-135692","United States"
"870","Yes","CA-2014-118122","United States"
"871","Yes","US-2013-156986","United States"
"872","Yes","ES-2014-2504689","EU"
"873","Yes","ID-2012-62345","APAC"
"874","Yes","MX-2011-115490","LATAM"
"875","Yes","CA-2014-111556","United States"
"876","Yes","MX-2012-142090","LATAM"
"877","Yes","IN-2014-17615","APAC"
"878","Yes","MX-2013-126144","LATAM"
"879","Yes","CA-2014-127306","United States"
"880","Yes","ES-2012-4250639","EU"
"881","Yes","ES-2011-3305419","EU"
"882","Yes","ES-2013-5246295","EU"
"883","Yes","IN-2012-12477","APAC"
"884","Yes","CA-2013-118899","United States"
"885","Yes","ES-2014-2851130","EU"
"886","Yes","IT-2014-4920177","EU"
"887","Yes","ID-2012-21563","APAC"
"888","Yes","ES-2011-1868803","EU"
"889","Yes","MX-2014-143595","LATAM"
"890","Yes","CA-2013-161746","United States"
"891","Yes","US-2011-143287","United States"
"892","Yes","MX-2014-138233","LATAM"
"893","Yes","ID-2011-75652","APAC"
"894","Yes","ES-2014-3424970","EU"
"895","Yes","IN-2011-58341","APAC"
"896","Yes","MX-2012-148180","LATAM"
"897","Yes","US-2011-149069","LATAM"
"898","Yes","US-2014-169852","LATAM"
"899","Yes","IN-2013-17041","APAC"
"900","Yes","ES-2011-1443340","EU"
"901","Yes","MX-2012-109134","LATAM"
"902","Yes","ES-2014-5444511","EU"
"903","Yes","IN-2012-64116","APAC"
"904","Yes","CA-2011-142769","United States"
"905","Yes","CA-2013-109869","United States"
"906","Yes","CA-2014-115427","United States"
"907","Yes","ES-2011-1137137","EU"
"908","Yes","ES-2014-5706764","EU"
"909","Yes","CA-2013-133368","United States"
"910","Yes","US-2012-128090","United States"
"911","Yes","MX-2013-101210","LATAM"
"912","Yes","CA-2014-131618","United States"
"913","Yes","MX-2013-103492","LATAM"
"914","Yes","US-2013-167850","LATAM"
"915","Yes","CA-2012-148873","United States"
"916","Yes","ES-2013-3508441","EU"
"917","Yes","CA-2013-145982","United States"
"918","Yes","IN-2013-56689","APAC"
"919","Yes","IN-2014-51985","APAC"
"920","Yes","MX-2014-164434","LATAM"
"921","Yes","ES-2013-4429605","EU"
"922","Yes","ES-2012-3327222","EU"
"923","Yes","IT-2013-1498487","EU"
"924","Yes","ID-2013-52643","APAC"
"925","Yes","IN-2013-42192","APAC"
"926","Yes","IN-2012-69044","APAC"
"927","Yes","MX-2014-125332","LATAM"
"928","Yes","MX-2011-155572","LATAM"
"929","Yes","CA-2014-165008","United States"
"930","Yes","US-2014-103170","LATAM"
"931","Yes","CA-2014-122007","United States"
"932","Yes","MX-2011-133627","LATAM"
"933","Yes","CA-2013-133319","United States"
"934","Yes","ES-2014-5389384","EU"
"935","Yes","IN-2012-41415","APAC"
"936","Yes","CA-2014-128965","United States"
"937","Yes","MX-2012-154088","LATAM"
"938","Yes","MX-2013-147634","LATAM"
"939","Yes","IN-2012-49864","APAC"
"940","Yes","MX-2014-111899","LATAM"
"941","Yes","CA-2011-123225","United States"
"942","Yes","IN-2011-12806","APAC"
"943","Yes","CA-2011-110786","United States"
"944","Yes","CA-2011-166744","United States"
"945","Yes","IT-2011-1646767","EU"
"946","Yes","CA-2011-108861","United States"
"947","Yes","ID-2013-68498","APAC"
"948","Yes","CA-2014-142342","United States"
"949","Yes","MX-2011-127089","LATAM"
"950","Yes","ES-2014-4359397","EU"
"951","Yes","IN-2012-78067","APAC"
"952","Yes","ES-2014-2524646","EU"
"953","Yes","MX-2012-149832","LATAM"
"954","Yes","IN-2012-24132","APAC"
"955","Yes","IT-2014-1147467","EU"
"956","Yes","MX-2011-101518","LATAM"
"957","Yes","ID-2013-78795","APAC"
"958","Yes","IN-2014-72278","APAC"
"959","Yes","ES-2013-4190886","EU"
"960","Yes","IN-2011-13492","APAC"
"961","Yes","CA-2014-140186","United States"
"962","Yes","CA-2014-136539","United States"
"963","Yes","IN-2012-48744","APAC"
"964","Yes","IN-2014-71956","APAC"
"965","Yes","IN-2014-39371","APAC"
"966","Yes","ES-2014-2411166","EU"
"967","Yes","IT-2011-4913414","EU"
"968","Yes","ES-2012-5745179","EU"
"969","Yes","MX-2012-133165","LATAM"
"970","Yes","MX-2012-133480","LATAM"
"971","Yes","US-2012-137008","United States"
"972","Yes","MX-2014-139367","LATAM"
"973","Yes","IN-2014-41093","APAC"
"974","Yes","IN-2012-69072","APAC"
"975","Yes","MX-2012-111430","LATAM"
"976","Yes","MX-2014-142874","LATAM"
"977","Yes","ES-2014-5247585","EU"
"978","Yes","CA-2014-156391","United States"
"979","Yes","CA-2013-165330","United States"
"980","Yes","MX-2013-159114","LATAM"
"981","Yes","US-2014-109253","United States"
"982","Yes","MX-2011-106390","LATAM"
"983","Yes","ES-2013-1727818","EU"
"984","Yes","IN-2014-75855","APAC"
"985","Yes","CA-2012-162166","United States"
"986","Yes","ES-2014-1224526","EU"
"987","Yes","CA-2013-120873","United States"
"988","Yes","MX-2011-157539","LATAM"
"989","Yes","IN-2014-77339","APAC"
"990","Yes","ES-2014-3380674","EU"
"991","Yes","IN-2014-31790","APAC"
"992","Yes","ES-2012-3679676","EU"
"993","Yes","ID-2011-33295","APAC"
"994","Yes","MX-2012-160612","LATAM"
"995","Yes","US-2011-167787","LATAM"
"996","Yes","US-2013-150980","LATAM"
"997","Yes","MX-2014-142244","LATAM"
"998","Yes","CA-2011-116785","United States"
"999","Yes","ES-2014-2783426","EU"
"1000","Yes","MX-2012-147977","LATAM"
"1001","Yes","CA-2012-143238","United States"
"1002","Yes","US-2013-115952","United States"
"1003","Yes","ID-2011-23068","APAC"
"1004","Yes","IN-2014-17160","APAC"
"1005","Yes","US-2013-164077","LATAM"
"1006","Yes","IN-2012-81812","APAC"
"1007","Yes","MX-2013-137155","LATAM"
"1008","Yes","CA-2012-132941","United States"
"1009","Yes","MX-2011-136602","LATAM"
"1010","Yes","MX-2013-129588","LATAM"
"1011","Yes","MX-2012-149461","LATAM"
"1012","Yes","CA-2014-136651","United States"
"1013","Yes","CA-2011-135699","United States"
"1014","Yes","IT-2014-4499061","EU"
"1015","Yes","MX-2011-128356","LATAM"
"1016","Yes","CA-2011-140816","United States"
"1017","Yes","MX-2013-152814","LATAM"
"1018","Yes","US-2014-151127","United States"
"1019","Yes","IN-2013-14409","APAC"
"1020","Yes","MX-2013-117415","LATAM"
"1021","Yes","IN-2014-32091","APAC"
"1022","Yes","MX-2014-126298","LATAM"
"1023","Yes","CA-2014-156958","United States"
"1024","Yes","IN-2014-75470","APAC"
"1025","Yes","ES-2014-5835827","EU"
"1026","Yes","ID-2011-72096","APAC"
"1027","Yes","MX-2012-119907","LATAM"
"1028","Yes","ES-2014-1015287","EU"
"1029","Yes","ES-2014-2385129","EU"
"1030","Yes","US-2011-125395","LATAM"
"1031","Yes","CA-2012-130785","United States"
"1032","Yes","MX-2014-165078","LATAM"
"1033","Yes","CA-2014-153822","United States"
"1034","Yes","CA-2013-139269","United States"
"1035","Yes","IT-2013-4869515","EU"
"1036","Yes","ES-2013-3425110","EU"
"1037","Yes","ES-2011-3106999","EU"
"1038","Yes","MX-2014-114545","LATAM"
"1039","Yes","MX-2014-162355","LATAM"
"1040","Yes","CA-2011-105270","United States"
"1041","Yes","ID-2013-74875","APAC"
"1042","Yes","CA-2013-106950","United States"
"1043","Yes","MX-2012-149454","LATAM"
"1044","Yes","MX-2011-144827","LATAM"
"1045","Yes","IN-2014-19911","APAC"
"1046","Yes","ES-2013-3285003","EU"
"1047","Yes","ES-2014-2697033","EU"
"1048","Yes","ES-2011-3654318","EU"
"1049","Yes","IN-2012-16572","APAC"
"1050","Yes","CA-2014-140963","United States"
"1051","Yes","CA-2011-156349","United States"
"1052","Yes","US-2013-135720","United States"
"1053","Yes","CA-2013-145261","United States"
"1054","Yes","ES-2012-5944655","EU"
"1055","Yes","ES-2013-2406661","EU"
"1056","Yes","MX-2014-130309","LATAM"
"1057","Yes","CA-2012-143602","United States"
"1058","Yes","MX-2013-115630","LATAM"
"1059","Yes","ES-2014-4535588","EU"
"1060","Yes","MX-2012-159646","LATAM"
"1061","Yes","CA-2012-114048","United States"
"1062","Yes","US-2011-140452","United States"
"1063","Yes","CA-2014-102519","United States"
"1064","Yes","CA-2012-110814","United States"
"1065","Yes","IN-2014-54995","APAC"
"1066","Yes","IN-2011-50361","APAC"
"1067","Yes","MX-2012-126606","LATAM"
"1068","Yes","ID-2014-56339","APAC"
"1069","Yes","CA-2014-112725","United States"
"1070","Yes","ES-2014-5166372","EU"
"1071","Yes","IT-2011-2861112","EU"
"1072","Yes","IT-2014-5465876","EU"
"1073","Yes","MX-2014-102995","LATAM"
"1074","Yes","IN-2011-33890","APAC"
"1075","Yes","IN-2012-56178","APAC"
"1076","Yes","US-2013-111528","United States"
"1077","Yes","MX-2013-168123","LATAM"
"1078","Yes","IN-2014-66573","APAC"
"1079","Yes","MX-2011-138716","LATAM"
"1080","Yes","MX-2012-161452","LATAM"
"1081","Yes","CA-2014-162012","United States"
"1082","Yes","US-2011-158442","LATAM"
"1083","Yes","CA-2013-168921","United States"
"1084","Yes","US-2014-142706","LATAM"
"1085","Yes","MX-2013-118038","LATAM"
"1086","Yes","IN-2013-64977","APAC"
"1087","Yes","ES-2014-1325616","EU"
"1088","Yes","CA-2013-145492","United States"
"1089","Yes","ES-2014-4967939","EU"
"1090","Yes","ES-2012-2431083","EU"
"1091","Yes","IT-2013-3159247","EU"
"1092","Yes","ES-2012-5959969","EU"
"1093","Yes","ES-2014-1637041","EU"
"1094","Yes","IN-2011-54533","APAC"
"1095","Yes","CA-2011-103744","United States"
"1096","Yes","US-2012-160857","United States"
"1097","Yes","MX-2013-117856","LATAM"
"1098","Yes","CA-2013-162138","United States"
"1099","Yes","MX-2012-158022","LATAM"
"1100","Yes","ES-2014-4385660","EU"
"1101","Yes","ID-2011-50655","APAC"
"1102","Yes","IN-2013-38174","APAC"
"1103","Yes","ES-2012-2270219","EU"
"1104","Yes","IN-2014-15011","APAC"
"1105","Yes","CA-2012-149650","United States"
"1106","Yes","MX-2011-145884","LATAM"
"1107","Yes","CA-2014-137099","United States"
"1108","Yes","US-2014-160745","LATAM"
"1109","Yes","IN-2014-84353","APAC"
"1110","Yes","CA-2014-141929","United States"
"1111","Yes","CA-2011-164721","United States"
"1112","Yes","US-2012-110569","United States"
"1113","Yes","US-2014-136679","United States"
"1114","Yes","IN-2012-31944","APAC"
"1115","Yes","IT-2011-4812190","EU"
"1116","Yes","MX-2013-111388","LATAM"
"1117","Yes","US-2013-140172","United States"
"1118","Yes","CA-2014-161956","United States"
"1119","Yes","MX-2012-115945","LATAM"
"1120","Yes","MX-2014-150868","LATAM"
"1121","Yes","IT-2013-2720003","EU"
"1122","Yes","IN-2012-26757","APAC"
"1123","Yes","CA-2012-155761","United States"
"1124","Yes","US-2014-152744","LATAM"
"1125","Yes","IN-2012-36088","APAC"
"1126","Yes","US-2013-127425","United States"
"1127","Yes","ID-2013-60637","APAC"
"1128","Yes","MX-2013-150140","LATAM"
"1129","Yes","IN-2012-17783","APAC"
"1130","Yes","ES-2013-1268416","EU"
"1131","Yes","IN-2013-20548","APAC"
"1132","Yes","ES-2013-2003988","EU"
"1133","Yes","ID-2013-34051","APAC"
"1134","Yes","MX-2013-169495","LATAM"
"1135","Yes","CA-2013-113341","United States"
"1136","Yes","MX-2011-141467","LATAM"
"1137","Yes","IT-2014-3831682","EU"
"1138","Yes","IN-2013-22298","APAC"
"1139","Yes","ES-2011-2835499","EU"
"1140","Yes","MX-2014-111633","LATAM"
"1141","Yes","IN-2014-61260","APAC"
"1142","Yes","MX-2014-166814","LATAM"
"1143","Yes","IN-2011-56738","APAC"
"1144","Yes","MX-2013-153920","LATAM"
"1145","Yes","US-2013-152667","LATAM"
"1146","Yes","US-2013-122917","LATAM"
"1147","Yes","ES-2014-2439745","EU"
"1148","Yes","CA-2012-134075","United States"
"1149","Yes","MX-2014-127733","LATAM"
"1150","Yes","IN-2012-39336","APAC"
"1151","Yes","IN-2012-24783","APAC"
"1152","Yes","MX-2011-147816","LATAM"
"1153","Yes","ES-2012-4485887","EU"
"1154","Yes","IN-2014-21059","APAC"
"1155","Yes","US-2013-157490","United States"
"1156","Yes","US-2014-105046","United States"
"1157","Yes","IN-2014-52384","APAC"
"1158","Yes","IN-2011-36074","APAC"
"1159","Yes","ES-2013-2745392","EU"
"1160","Yes","MX-2014-154480","LATAM"
"1161","Yes","ID-2011-59293","APAC"
"1162","Yes","US-2013-163223","LATAM"
"1163","Yes","MX-2013-118402","LATAM"
"1164","Yes","MX-2013-137729","LATAM"
"1165","Yes","ES-2011-5273102","EU"
"1166","Yes","IT-2014-1082723","EU"
"1167","Yes","ES-2011-5118812","EU"
"1168","Yes","ES-2013-2639112","EU"
"1169","Yes","CA-2014-134194","United States"
"1170","Yes","ES-2012-3246286","EU"
"1171","Yes","ES-2012-4379168","EU"
"1172","Yes","CA-2014-168193","United States"