"index","company_id","valuation","funding","select_investors"
"0","189","4000000000","0","EQT Partners"
"1","848","1000000000","100000000","Dragonfly Captial, Qiming Venture Partners, DST Global"
"2","556","2000000000","100000000","Blackstone, Bessemer Venture Partners"
"3","999","1000000000","100000000","Goldman Sachs Asset Management, 3L"
"4","396","2000000000","100000000","Insight Partners, Softbank Group, Connect Ventures"
"5","931","1000000000","100000000","Tencent Holdings, Hillhouse Capital Management"
"6","364","2000000000","101000000","K2VC, Lightspeed China Partners, Sky9 Capital"
"7","732","1000000000","102000000","Initialized Capital, General Catalyst, Kraken Ventures"
"8","906","1000000000","105000000","Delian Capital, China International Capital Corporation, Sequoia Capital China"
"9","72","8000000000","105000000","Accel Partners, Sequoia Capital"
"10","983","1000000000","105000000","Investment Corporation of Dubai, Centralway"
"11","898","1000000000","107000000","Lightspeed India Partners, Sequoia Capital India, Endiya Partners"
"12","844","1000000000","107000000","General Catalyst, Future Ventures, AU21"
"13","894","1000000000","109000000","DST Global, General Catalyst, Monashees+"
"14","813","1000000000","109000000","Polychain Capital, Coinbase Ventures, Jump Capital"
"15","743","1000000000","10000000","Coatue Management, H Capital, Capital Today"
"16","226","4000000000","110000000","Andreessen Horowitz, TQ Ventures"
"17","963","1000000000","110000000","Left Lane Capital, Galaxy Interactive, Tru Arrow Partners"
"18","764","1000000000","111000000","Craft Ventures, Caffeinated Capital, Operator Collective"
"19","839","1000000000","111000000","Fireside Ventures, Sequoia Capital India, Stellaris Venture Partners"
"20","1033","1000000000","114000000","Storm Ventures, DFJ DragonFund, New Enterprise Associates"
"21","725","1000000000","115000000","SC.Holdings, Not Boring Capital, Bolt Ventures"
"22","549","2000000000","115000000","Northern Light Venture Capital, Xiaomi, FutureX Capital"
"23","667","1000000000","116000000","Redpoint Ventures, QiMing Venture Partners, Chengwei Capital"
"24","755","1000000000","116000000","Passion Capital, Hedosophia, Outrun Ventures"
"25","782","1000000000","118000000","Paradigm, Andreessen Horowitz, Jump Capital"
"26","175","4000000000","119000000","Bnk To The Future, Trammell Ventures, SBI Investment"
"27","398","2000000000","119000000","Accomplice, Polychain Capital, GoldenTree Asset Management"
"28","814","1000000000","120000000","M13, Lightspeed Venture Partners, Lone Pine Capital"
"29","436","2000000000","120000000","GAM Holding"
"30","1046","1000000000","120000000","Insight Partners, Ignition Partners, Georgian Partners"
"31","565","2000000000","121000000","Tomales Bay Capital, Bain & Company, General Catalyst"
"32","781","1000000000","124000000","Pantera Capital, Polychain Capital, Lightspeed Venture Partners"
"33","997","1000000000","125000000","Prysm Capital, Baillie Gifford & Co., TDM Growth Partners"
"34","194","4000000000","125000000","Silver Lake, ICONIQ Capital"
"35","249","3000000000","125000000","Day One Ventures, Coinbase Ventures, Andreessen Horowitz"
"36","434","2000000000","125000000","Shunwei Capital Partners, China Media Group, Guangzhou Huiyin Aofeng Equity Investment Fund"
"37","1035","1000000000","126000000","Index Ventures, Benchmark, Thrive Capital"
"38","969","1000000000","126000000","General Catalyst, Nexus Venture Partners, Dell Technologies Capital"
"39","1018","1000000000","127000000","New Enterprise Associates, Accel, Bond"
"40","355","2000000000","127000000","VGames, Lakestar, Galaxy Interactive"
"41","934","1000000000","127000000","Technology Crossover Ventures, Alkeon Capital Management, General Atlantic"
"42","1054","1000000000","128000000","Sequoia Capital, Founders Fund, Bling Capital"
"43","901","1000000000","128000000","Cowboy Ventures, Leaders Fund, GGV Capital"
"44","173","4000000000","128000000","Foundation Capital, Frontier Ventures, AltaIR Capital"
"45","738","1000000000","128000000","Left Lane Capital, Walden Venture Capital"
"46","422","2000000000","129000000","Amplify Partners, Addition, Madrona Venture Group"
"47","830","1000000000","130000000","Thrive Capital, Khosla Ventures, Tiger Global Management"
"48","1004","1000000000","130000000","Bregal Sagemount"
"49","951","1000000000","130000000","5Y Capital, Matrix Partners China, K2VC"
"50","734","1000000000","130000000","Zeev Ventures, GSV Ventures"
"51","1063","1000000000","131000000","Equal Ventures, Uncork Capital, Andreessen Horowitz"
"52","623","1000000000","131000000","Matrix Partners China, Ventech China, Shunwei Capital Partners"
"53","846","1000000000","132000000","New Enterprise Associates, Greylock Partners, Andreessen Horowitz"
"54","823","1000000000","134000000","Ardian, Tiger Global Management, KKR"
"55","944","1000000000","135000000","Kleiner Perkins Caufield & Byers, NightDragon Security, Venrock"
"56","1030","1000000000","135000000","Greylock Partners, Google Ventures, BlackRock"
"57","824","1000000000","136000000","Tiantu Capital, SAIF Partners China, Newsion Venture Capital"
"58","930","1000000000","137000000","Nexus Venture Partners, Vertex Ventures, STRIVE"
"59","370","2000000000","137000000","Boxin Capital, DT Capital Partners, IDG Capital"
"60","618","1000000000","139000000","U.S.-China Green Fund, Founder H Fund, Richland Equities"
"61","456","2000000000","139000000","next47, First Round Capital, Sequoia Capital"
"62","893","1000000000","140000000","Andreessen Horowitz, DST Global, IDG Capital"
"63","812","1000000000","140000000","General Catalyst, Inspired Capital, Flybridge Capital Partners"
"64","1001","1000000000","140000000","Sozo Ventures, Caffeinated Capital, Sequoia Capital"
"65","703","1000000000","141000000","Innovation Endeavors, s28 Capital, Lightspeed Venture Partners"
"66","884","1000000000","141000000","Thrive Capital, General Catalyst, Coatue Management"
"67","404","2000000000","142000000","Moonshots Capital, BoxGroup, Blu Venture Investors"
"68","952","1000000000","143000000","Andreessen Horowitz, FTX Ventures, Tiger Global Management"
"69","625","1000000000","143000000","Index Ventures, Thrive Capital, Bain Capital Ventures"
"70","971","1000000000","144000000","GGV Capital, GSR Ventures, FreesFund"
"71","796","1000000000","144000000","Sequoia Capital China, Qiming Venture Partners, Tencent Holdings"
"72","909","1000000000","145000000","Next Play Ventures, Zeal Capital Partners, SoftBank Group"
"73","587","2000000000","147000000","Toyota Motor Corporation, Mizuho Financial Group, FANUC"
"74","273","3000000000","148000000","Forerunner Ventures, Lifeline Ventures, MSD Capital"
"75","771","1000000000","148000000","Accel, Greylock Partners, Meritech Capital Partners"
"76","1005","1000000000","226000000","Insight Partners, Bain Capital Ventures"
"77","758","1000000000","148000000","Andreessen Horowitz, Bessemer Venture Partners, Coatue Management"
"78","652","1000000000","149000000","GGV Capital, Hillhouse Capital Management, IDG Capital"
"79","8","38000000000","14000000000","Tiger Global Management"
"80","760","1000000000","14000000","Shunwei Capital Partners, 5Y Capital, Legend Capital"
"81","394","2000000000","150000000","Sequoia Capital, General Catalyst, Human Capital"
"82","393","2000000000","150000000","Ant Group, Charoen Pokphand Group, Bow Wave Capital"
"83","870","1000000000","150000000","C5 Capital, Hemisphere Ventures, The Venture Collective"
"84","804","1000000000","150000000","Venrock, Innovation Endeavors, Insights Partners"
"85","1041","1000000000","151000000","Sequoia Capital China, Linear Venture, Hearst Ventures"
"86","443","2000000000","151000000","Andreessen Horowitz, Greylock Partners, Sequoia Capital"
"87","978","1000000000","151000000","IDG Capital, Francisco Partners, ZhenFund"
"88","612","1000000000","151000000","Temasek, BUILD Capital Partners, Northzone Ventures"
"89","714","1000000000","151000000","Phoenix New Media, Tianjin Haihe Industry Fund"
"90","925","1000000000","152000000","Wildcat Capital Management, Insight Partners, Tola Capital"
"91","421","2000000000","152000000","Jackson Square Ventures, Madrone Capital Partners, Sequoia Capital"
"92","449","2000000000","152000000","Andreessen Horowitz, Coatue Management, Clocktower Technology Ventures"
"93","1022","1000000000","154000000","Version One Ventures, Uncork Capital, Bessemer Venture Partners"
"94","240","3000000000","154000000","Alibaba Pictures Group"
"95","644","1000000000","154000000","Shenzhen Capital Group, Robert Bosch Venture Capital, SeptWolves Ventures"
"96","718","1000000000","156000000","Bessemer Venture Partners, Eniac Ventures, Canapi Ventures"
"97","920","1000000000","156000000","Accomplice, Oak Investment Partners, Georgian Partners"
"98","1048","1000000000","156000000","Sequoia Capital, Thrive Capital, Sound Ventures"
"99","1024","1000000000","157000000","Union Square Ventures, Insight Partners, Spark Capital"
"100","929","1000000000","157000000","Qualcomm Ventures, Nine Intelligence Capital, Hillhouse Capital Management"
"101","751","1000000000","157000000","Tencent Holdings, Tiger Global Management, Global Founders Capital"
"102","1012","1000000000","15000000","K2 Global, 500 Startups"
"103","863","1000000000","160000000","Andreessen Horowitz, Intel Capital, Foundation Capital"
"104","662","1000000000","160000000","8VC, Menlo Ventures, Tiger Global Management"
"105","1027","1000000000","161000000","Javelin Venture Partners, TTV Capital, Peterson Ventures"
"106","783","1000000000","161000000","Index Ventures, Sequoia Capital, Bezos Expeditions"
"107","592","2000000000","161000000","Sequoia Capital, Paradigm, Pantera Capital"
"108","1023","1000000000","163000000","GreatPoint Ventures, Tiger Global Management, Menlo Ventures"
"109","1051","1000000000","163000000","FTV Capital"
"110","633","1000000000","163000000","Sierra Ventures, AXA Venture Partners, Sigma Prime Ventures"
"111","635","1000000000","164000000","China Culture Industrial Investment Fund, We Capital, China Minsheng Investment Group"
"112","750","1000000000","165000000","Sequoia Capital, Y Combinator, Accel"
"113","697","1000000000","165000000","Bonfire Ventures, Two Sigma Ventures, FJ Labs"
"114","886","1000000000","165000000","Lightspeed Venture Partners, Kleiner Perkins Caufield & Byers, Origin Ventures"
"115","826","1000000000","166000000","WestBridge Capital, GSV Ventures, Elevar Equity"
"116","1000","1000000000","166000000","Fifth Wall Ventures, JBV Capital, Array Ventures"
"117","740","1000000000","166000000","AirTree Ventures, Insight Partners, Index Ventures"
"118","798","1000000000","167000000","Kleiner Perkins Caufield & Byers, Afore Capital, Founders Fund"
"119","1008","1000000000","167000000","Global Founders Capital, 468 Capital, Redalpine Venture Partners"
"120","761","1000000000","167000000","Wamda Capital, Endeavor, Riverwood Capital"
"121","701","1000000000","169000000","New Enterprise Associates, CRV, Index Ventures"
"122","825","1000000000","169000000","8VC, Norwest Venture Partners, Tiger Global Management"
"123","344","3000000000","170000000","Spectrum Equity, ICONIQ Capital, Grayhawk Capital"
"124","695","1000000000","170000000","Andreessen Horowitz, Initialized Capital, TriplePoint Capital"
"125","876","1000000000","170000000","Georgian Co-Investment Fund, iTech Capital, Galaxy Digital"
"126","643","1000000000","171000000","UNITY VENTURES, Qiming Venture Partners, GGV Capital"
"127","509","2000000000","172000000","Google Ventures, Kleiner Perkins Caufield & Byers, Stripes Group"
"128","979","1000000000","172000000","Owl Ventures, Technology Crossover Ventures, Tao Capital Partners"
"129","1031","1000000000","172000000","True Ventures, Altimeter Capital, Redpoint Ventures"
"130","817","1000000000","172000000","XBTO Ventures, Raven One Ventures, SK Ventures"
"131","943","1000000000","173000000","BOC International, TopoScend Capital, Hongxiu VC"
"132","975","1000000000","174000000","Accel, Cobalt Capital, Andreessen Horowitz"
"133","647","1000000000","174000000","Pelion Venture Partners, Foundation Capital, Thoma Bravo"
"134","426","2000000000","177000000","Accel, Institutional Venture Partners, Tiger Global Management"
"135","705","1000000000","177000000","Sequoia Capital India, Hummingbird Ventures, Epiq Capital"
"136","724","1000000000","178000000","Atinum Investment, Company K Partners, GIC"
"137","464","2000000000","179000000","Paradigm, Huobi Ventures, Andreessen Horowitz"
"138","942","1000000000","17000000","Pantera Capital, Cadenza Ventures, BlockTower Capital"
"139","354","3000000000","180000000","Benchmark, Bessemer Venture Partners"
"140","688","1000000000","181000000","Global Founders Capital, Comcast Ventures, Forerunner Ventures"
"141","1045","1000000000","181000000","New Enterprise Associates, Benchmark, Two Sigma Ventures"
"142","391","2000000000","181000000","Accel, Benchmark, SV Angel"
"143","891","1000000000","182000000","Battery Ventures, Tiger Global Management, Hanaco Ventures"
"144","1066","1000000000","182000000","Co-Energy Finance, Grandland"
"145","579","2000000000","183000000","Benchmark, Altimeter Capital, Quiet Capital"
"146","686","1000000000","183000000","Kickstart Fund, General Catalyst, Drive Capital"
"147","822","1000000000","185000000","Chiratae Ventures, SoftBank Group, Trifecta Capital"
"148","882","1000000000","185000000","Salesforce Ventures, next47, Pereg Ventures"
"149","816","1000000000","186000000","Edison Partners, Georgian Partners, VentureLink"
"150","369","2000000000","186000000","Centurium Capital, Cedarlake Capital, Unicom Innovation Venture Capital"
"151","340","3000000000","187000000","Coatue Management, BMO Capital, Schonfeld Strategic Advisors"
"152","1058","1000000000","187000000","Trinity Ventures, Fifth Wall Ventures, OpenView Venture Partners"
"153","129","5000000000","187000000","General Atlantic, 3i Group, Huagai Capital"
"154","862","1000000000","187000000","Madrona Venture Group, Tiger Global Management, Madera Technology Partners"
"155","363","2000000000","188000000","Trustbridge Partners, IDG Capital, Sequoia Capital China"
"156","603","1000000000","188000000","QF Capital, QC Capital, Unicom Innovation Venture Capital"
"157","645","1000000000","188000000","Sequoia Capital China, China Life Investment Holding Company, Qiming Venture Partners"
"158","769","1000000000","189000000","RPM Ventures, Inspiration Ventures, Carrick Capital Partners"
"159","788","1000000000","189000000","Mayfield, Madrona Venture Group, Tiger Global Management"
"160","452","2000000000","190000000","BEENEXT, World Innovation Lab, Light Street Capital"
"161","420","2000000000","190000000","Samsung Ventures, SingulariTeam, BP Ventures"
"162","996","1000000000","190000000","AWZ Ventures, Blackstone, Insight Partners"
"163","763","1000000000","191000000","Version One Ventures, Bessemer Venture Partners, FirstMark Capital"
"164","803","1000000000","192000000","FirstMark Capital, Anthemis, CMFG Ventures"
"165","765","1000000000","192000000","Costanoa Ventures, Data Collective, Salesforce Ventures"
"166","989","1000000000","192000000","Lightspeed Venture Partners, Data Collective, 8VC"
"167","409","2000000000","192000000","Smilegate Investment, DSC Investments, KTB Ventures"
"168","580","2000000000","192000000","Insight Partners, Tiger Global Management, Gradient Ventures"
"169","513","2000000000","193000000","Deer Park Road, Altamont Capital Partners, Eldridge"
"170","809","1000000000","193000000","Sequoia Capital India, Rocketship.vc, Lightspeed India Partners"
"171","791","1000000000","194000000","Qualcomm Ventures, Accel, Canaan Partners"
"172","998","1000000000","195000000","Sequoia Capital, DCM Ventures, Insight Partners"
"173","455","2000000000","195000000","Insight Partners, Sequoia Capital, Index Ventures"
"174","477","2000000000","195000000","Menlo Ventures, Alkeon Capital Management, Citi Ventures"
"175","896","1000000000","196000000","Trinity Ventures, Madrona Venture Group, Shasta Ventures"
"176","797","1000000000","197000000","Goodwater Capital, Floodgate, Founders Fund"
"177","361","2000000000","19000000","The Carlyle Group, CVC Capital Partners"
"178","250","3000000000","1000000000","Eastern Bell Capital, SF Holding Co, STO Express"
"179","229","4000000000","1000000000","Ant Financial Services Group, Russia-China Investment Fund, Foxconn Technology Company"
"180","540","2000000000","1000000000","Sequoia Capital China, China Construction Bank, Bank of China"
"181","73","8000000000","1000000000","Lightspeed Venture Partners, Social Capital, Accel"
"182","852","1000000000","1000000000","Sequoia Capital China, Gopher Asset Management, Shanghai Electric Group"
"183","78","8000000000","1000000000","Accel, Northzone Ventures, Institutional Venture Partners"
"184","79","8000000000","1000000000","Sixth Street Partners, OrbiMed Advisors, Highland Capital Management"
"185","632","1000000000","1000000000","KKR, TowerBrook Capital Partners"
"186","314","3000000000","1000000000","Mubadala Capital, Bond, Prosus Ventures"
"187","82","8000000000","1000000000","Tenaya Capital, Coatue Management, Stripes Group"
"188","164","5000000000","1000000000","Walden International, Google Ventures, Intel Capital"
"189","85","7000000000","1000000000","Tiger Global Management, Blue Lake Capital, ZhenFund"
"190","212","4000000000","1000000000","Playground Global, Bond, Tribe Capital"
"191","65","9000000000","1000000000","BOLDstart Ventures, Google Ventures, Accel"
"192","258","3000000000","1000000000","FAW Group, Tencent Holdings, Tus Holdings"
"193","63","9000000000","1000000000","Sequoia Capital China, IDG Capital, DCM Ventures"
"194","58","10000000000","1000000000","Y Combinator, Sequoia Capital, Coatue Management"
"195","31","12000000000","1000000000","Khosla Ventures, Forerunner Ventures, Sequoia Capital"
"196","248","3000000000","1000000000","Clermont Group, Coltrane Asset Management, Toscafund Asset Management"
"197","32","12000000000","1000000000","Caffeinated Capital, CRV, Founder Collective"
"198","252","3000000000","1000000000","Y Combinator, Atomico, Accel"
"199","33","12000000000","1000000000","DST Global, Ribbit Capital, Greenoaks Capital Management"
"200","287","3000000000","1000000000","Moore Strategic Ventures, DST Global, Sequoia Capital India"
"201","251","3000000000","1000000000","Hopu Investment Management, Boyu Capital, DC Thomson Ventures"
"202","243","3000000000","1000000000","Khosla Ventures"
"203","40","11000000000","1000000000","Didi Chuxing, Diamler, TMT Investments"
"204","44","11000000000","1000000000","Activant Capital, Tribe Capital, General Atlantic"
"205","45","11000000000","1000000000","Accel, 83North"
"206","211","4000000000","1000000000","New Enterprise Associates, New Leaf Venture Partners, Charter Venture Capital"
"207","50","10000000000","1000000000","Bessemer Venture Partners, ICONIQ Capital, Battery Ventures"
"208","53","10000000000","1000000000","Ribbit Capital, capitalG, Softbank Group"
"209","285","3000000000","1000000000","China Environmental Protection Industry, China Fortune Ocean"
"210","217","4000000000","1000000000","Venrock, Institutional Venture Partners, Goldman Sachs"
"211","134","5000000000","1000000000","Passion Capital, Thrive Capital, Orange Digital Ventures"
"212","317","3000000000","1000000000","Coatue Management, Atlantic Food Labs, DST Global"
"213","365","2000000000","1000000000","Automobile Industry Guidance Fund"
"214","91","7000000000","1000000000","Menlo Ventures, Spark Capital, Union Square Ventures"
"215","185","4000000000","1000000000","Activant Capital Group, Alaska Permanent Fund, Baillie Gifford & Co."
"216","121","6000000000","1000000000","Tencent, Baidu, Huasheng Capital"
"217","335","3000000000","1000000000","Holtzbrinck Ventures, Unternehmertum Venture Capital, General Atlantic"
"218","1014","1000000000","1000000000","Tiger Global Management, Hedosophia"
"219","191","4000000000","1000000000","Atop Capital, IDInvest Partners, Qiming Venture Partners"
"220","334","3000000000","1000000000","Times Internet, Nexus Venture Partners, SoftBank Group"
"221","118","6000000000","1000000000","Technology Crossover Ventures, A&E Television Networks"
"222","115","6000000000","1000000000","New Enterprise Associates, Accomplice, IA Ventures"
"223","113","6000000000","1000000000","Aglae Ventures, Eurazeo, Daphni"
"224","147","5000000000","1000000000","China Grand Prosperity Investment, Silk Road Huacheng, Oriza Equity Investment"
"225","136","5000000000","1000000000","Sequoia Capital China, Tencent Holdings, Sinovation Ventures"
"226","130","5000000000","1000000000","Venture Highway, Sequoia Capital India, Prosus Ventures"
"227","321","3000000000","1000000000","DST Global, Lightspeed Venture Partners, Microsoft ScaleUp"
"228","327","3000000000","1000000000","ConsenSys Ventures, Valar Ventures, PUC"
"229","641","1000000000","1000000000","American Express Ventures, Goldman Sachs, Bain Capital Credit"
"230","352","3000000000","1000000000","Global Founders Capital, East Ventures, Expedia Inc."
"231","972","1000000000","1000000000","Sinovation Ventures, Tencent Holdings, Sequoia Capital China"
"232","201","4000000000","1000000000","India Quotient, Elevation Capital, Lightspeed Venture Partners"
"233","168","4000000000","1000000000","Hillhouse Capital Management, SoftBank Group, Qiming Venture Partners"
"234","104","6000000000","1000000000","Tencent, Morningside Group"
"235","171","4000000000","1000000000","New Enterprise Associates, Starr Investment Holdings"
"236","350","3000000000","1000000000","Morningside Ventures, Warburg Pincus, CreditEase Fintech Investment Fund"
"237","101","7000000000","1000000000","Initialized Capital, General Catalyst, SignalFire"
"238","239","4000000000","1000000","Sequoia Capital, Bessemer Venture Partners, Threshold Ventures"
"239","1065","1000000000","200000000","Eastern Bell Capital, Danhua Capital, MSA Capital"
"240","938","1000000000","200000000","Tencent, Vcanbio"
"241","828","1000000000","200000000","GGV Capital, Lightspeed Venture Partners, ICONIQ Capital"
"242","941","1000000000","200000000","One Equity Partners"
"243","988","1000000000","200000000","R-Z Capital, Green Pine Capital Partners, SAIF Partners China"
"244","484","2000000000","200000000","Stripe, Founders Fund, Partech Partners"
"245","864","1000000000","200000000","Andreessen Horowitz, Coinbase Ventures, Tiger Global Management"
"246","383","2000000000","200000000","Foundry Group, Scale Venture Partners, SoftBank Group"
"247","1060","1000000000","200000000","Coatue Management, Insight Partners, Trinity Ventures"
"248","595","2000000000","200000000","L Capital Partners"
"249","840","1000000000","200000000","Inflexion Private Equity"
"250","290","3000000000","200000000","Goldman Sachs Asset Management"
"251","742","1000000000","201000000","Liberty City Ventures, Soros Fund Management, Summer Capital"
"252","964","1000000000","202000000","Female Founders Fund, Oak HC/FT Partners, Sequoia Capital"
"253","712","1000000000","202000000","Lightspeed Venture Partners, Access Industries, Eldridge"
"254","837","1000000000","202000000","LocalGlobe, Balderton Capital, Target Global"
"255","583","2000000000","202000000","Andreessen Horowitz, Kleiner Perkins Caufield & Byers, EQT Ventures"
"256","411","2000000000","203000000","Amiti Ventures, Playground Global, Aleph"
"257","430","2000000000","204000000","Kleiner Perkins Caufield & Byers, Sequoia Capital, General Catalyst"
"258","875","1000000000","205000000","QED Investors, DST Global, Endeavor"
"259","810","1000000000","205000000","New Enterprise Associates, Koch Disruptive Technologies, Evolution Equity Partners"
"260","805","1000000000","205000000","Dynamo VC, Susa Ventures, Founders Fund"
"261","953","1000000000","205000000","Khosla Ventures, General Catalyst, Navitas Capital"
"262","606","1000000000","206000000","Helion Venture Partners, Bain Capital Tech Opportunities, Sequoia Capital India"
"263","679","1000000000","207000000","Source Code Capital, Coatue Management, DCM Ventures"
"264","907","1000000000","209000000","Primary Venture Partners, Bessemer Venture Partners, Harmonic Growth Partners"
"265","880","1000000000","210000000","Mundi Ventures, Doqling Capital Partners, Activant Capital"
"266","834","1000000000","210000000","Zeev Ventures, Group11, Chicago Ventures"
"267","542","2000000000","210000000","Institutional Venture Partners, Atomico, Earlybird Venture Capital"
"268","1043","1000000000","210000000","Northzone Ventures, Maveron, Johnson & Johnson Innovation"
"269","410","2000000000","211000000","Sequoia Capital, General Atlantic"
"270","637","1000000000","211000000","Marathon Venture Partners, Huagai Capital, China Creation Ventures"
"271","616","1000000000","211000000","Kleiner Perkins Caufield & Byers, Comcast Ventures, Insight Partners"
"272","611","1000000000","214000000","Qiming Venture Partners, Vivo Capital, Sequoia Capital China"
"273","1064","1000000000","215000000","Accel, Y Combinator, Amasia"
"274","1032","1000000000","215000000","Tencent Holdings, Walden Venture Capital, Global Catalyst Partnera"
"275","737","1000000000","215000000","Insight Partners, Sequoia Capital, Stripes Group"
"276","374","2000000000","216000000","Sequoia Capital China, Matrix Partners China, 58.com"
"277","172","4000000000","216000000","Formation 8"
"278","414","2000000000","217000000","Global Founders Capital, Shea Ventures, Greycroft"
"279","845","1000000000","217000000","Founders Fund, Upfront Ventures, 01 Advisors"
"280","1055","1000000000","217000000","Foundation Capital, Summit Partners, Adams Street Partners"
"281","416","2000000000","218000000","Coatue Management, Index Ventures, Founders Fund"
"282","682","1000000000","218000000","Baidu, Tencent Holdings"
"283","967","1000000000","218000000","Accel, Falcon Edge Capital, Norwest Venture Partners"
"284","551","2000000000","218000000","Insight Venture Partners, TPG Growth, Sound Ventures"
"285","491","2000000000","218000000","Revolution, New Enterprise Associates, Caterpillar"
"286","446","2000000000","219000000","Zeev Ventures, Menlo Ventures,Crosslink Capital"
"287","982","1000000000","220000000","Insight Partners, Lightspeed Venture Partners, CyberStarts"
"288","850","1000000000","221000000","FundersClub, Y Combinator, Tiger Global Management"
"289","928","1000000000","221000000","Glory Ventures, Maniv Mobility"
"290","380","2000000000","221000000","Kleiner Perkins Caufield & Byers, Softbank Corp., Sherpalo Ventures"
"291","451","2000000000","222000000","Blackbird Ventures, IndexVentures, Tiger Global Management"
"292","987","1000000000","223000000","Insight Partners, AltaIR Capital, Norma Investments"
"293","842","1000000000","223000000","Goldman Sachs, Leonardo DiCaprio, Promecap"
"294","620","1000000000","223000000","China Minsheng Investment, Baidu, Wanxin Media"
"295","356","2000000000","224000000","Guozhong Venture Capital Management, Shenzhen Capital Group, Oriental Fortune Capital"
"296","872","1000000000","224000000","Banyan Capital, New Horizon Capital, IDG Capital Partners"
"297","417","2000000000","225000000","Mayfield Fund, Insight Partners, Rembrandt Venture Partners"
"298","427","2000000000","225000000","Y Combinator, Andreessen Horowitz, Wonder Ventures"
"299","255","3000000000","225000000","Stripes Group, Neuberger Berman"
"300","397","2000000000","225000000","Technology Crossover Ventures, Accel, Aker"
"301","857","1000000000","226000000","Balderton Capital, Next World Capital, Draper Esprit"
"302","588","2000000000","226000000","Y Combinator, Matrix Partners, Benchmark"
"303","609","1000000000","227000000","Insight Partners, B Capital Group, Lightspeed Venture Partners"
"304","619","1000000000","227000000","IDG Capital, Gaocheng Capital, Chuanrong Capital"
"305","681","1000000000","228000000","Slow Ventures, Andreessen Horowitz, SoftBank Group"
"306","489","2000000000","229000000","Summit Partners, Noshaq, Sofinnova Partners"
"307","626","1000000000","229000000","Yunqi Partners, SoftBank Group, iVision Ventures"
"308","649","1000000000","230000000","Bojiang Capital, Hongdao Capital, Mobai Capital"
"309","234","4000000000","230000000","Dragoneer Investment Group, Hellman & Friedman, JMI Equity"
"310","770","1000000000","230000000","Polaris Partners, Insight Partners, Norwest Venture Partners"
"311","614","1000000000","231000000","Highland Capital Partners, Next Coast Ventures, SoGal Ventures"
"312","482","2000000000","231000000","SoftBank Group, Access Industries, Crossbeam Venture Partners"
"313","968","1000000000","232000000","Sequoia Capital China, ZhenFund, K2 Ventures"
"314","899","1000000000","232000000","Vitruvian Partners, Merieux Equity Partners, Straumann"
"315","386","2000000000","233000000","TSG Consumer Partners, Crowdcube"
"316","665","1000000000","235000000","GGV Capital, IDG Capital, Linear Venture"
"317","1039","1000000000","235000000","Eclipse Ventures, Fidelity Investments, Moore Capital Management"
"318","800","1000000000","236000000","Matrix Partners, Lightspeed Venture Partners, Verizon Ventures"
"319","457","2000000000","236000000","QED Investors, DST Global, Left Lane Capital"
"320","676","1000000000","236000000","Insight Partners, Coinbase Ventures, PayPal Ventures"
"321","1050","1000000000","237000000","Big Bets, General Atlantic, SOFTBANK Latin America Ventures"
"322","694","1000000000","237000000","Newion Partners, SmartFin Capital, OMERS Ventures"
"323","481","2000000000","237000000","Crosslink Capital, .406 Ventures, Sapphire Ventures"
"324","878","1000000000","238000000","FirstMark Capital, Georgian Partners, Norwest Venture Partners"
"325","995","1000000000","239000000","Earlybird Venture Capital, Eleven Ventures, QED Investors"
"326","1034","1000000000","239000000","CRV, Y Combinator, Initialized Capital"
"327","855","1000000000","240000000","Hillhouse Capital Management, Sequoia Capital China, Linear Venture"
"328","345","3000000000","240000000","Uniion Square Ventures, Tiger Global Management, Lightspeed Venture Capital"
"329","691","1000000000","240000000","Greylock Partners, General Catalyst, Khosla Ventures"
"330","860","1000000000","240000000","Mayfield, Accel, Norwest Venture Partners"
"331","511","2000000000","240000000","SOSV, Khosla Ventures, Lerer Hippeau"
"332","704","1000000000","241000000","Initialized Capital, Canaan Partners, Sound Ventures"
"333","881","1000000000","241000000","WRVI Capital, Caffeinated Capital, Y Combinator"
"334","747","1000000000","241000000","FirstMark Capital, Tiger Global Management"
"335","861","1000000000","243000000","Invus Group, Hanaco Venture Capital, WestCap Group"
"336","407","2000000000","245000000","PSG, ION Crossover Partners"
"337","858","1000000000","245000000","Softbank Ventures Asia, Alpha JWC Ventures, Insignia Ventures Partners"
"338","749","1000000000","246000000","BOLDstart Ventures, SAP.iO Fund, Scale Venture Partners"
"339","841","1000000000","247000000","SAIF Partners India, Warburg Pincus, Trifecta Capital Advisors"
"340","282","3000000000","248000000","Redpoint Ventures, Goldcrest Capital, Insight Partners"
"341","1026","1000000000","249000000","Gunosy Capital, Blume Ventures, Das Capital"
"342","630","1000000000","249000000","Sequoia Capital India, The Times Group, GMO VenturePartners"
"343","621","1000000000","249000000","Yinhong Equity Investment Fund, E Fund, Ideal International"
"344","847","1000000000","250000000","Sequoia Capital China, Rich Land Capital, Merrysunny Wealth"
"345","223","4000000000","250000000","Accel, Insight Partners, Bond Capital"
"346","1009","1000000000","250000000","Silver Lake Partners, General Atlantic"
"347","563","2000000000","251000000","Pitango Venture Capital, DFJ Growth Fund, Foundry Group"
"348","476","2000000000","251000000","Nexus Venture Partners, Transamerica Ventures, Crane Venture Partners"
"349","970","1000000000","252000000","Sequoia Capital China, SIG Asia Investments, ZhenFund"
"350","990","1000000000","252000000","Accomplice, Juxtapose, FirstMark Capital"
"351","728","1000000000","252000000","Advantech Capital, Temasek Holdings Ltd., Tiantu Capital Co."
"352","415","2000000000","253000000","Brighton Park Capital, Blue Cloud Ventures, Workday Ventures"
"353","956","1000000000","253000000","China Investment Corporation, New Enterprise Associates"
"354","418","2000000000","253000000","Sequoia Capital, Y Combinator, F-Prime Capital"
"355","892","1000000000","254000000","Greylock Partners, Lux Capital, General Atlantic"
"356","991","1000000000","254000000","Google Ventures, Cathay Innovation, NJF Capital"
"357","1028","1000000000","255000000","Goldman Sachs, Insights Venture Partners, Pritzker Group Venture Capital"
"358","454","2000000000","255000000","Initialized Capital, Sound Ventures, TI Platform Management"
"359","400","2000000000","257000000","Felicis Ventures, Index Ventures, Blackbird Ventures"
"360","1042","1000000000","257000000","Silverton Partners, Accel, Ballast Point Ventures"
"361","753","1000000000","257000000","Dila Capital, Framework Ventures, 3L"
"362","911","1000000000","258000000","Paladin Capital Group, Greycroft, Scale Venture Partners"
"363","819","1000000000","258000000","Pritzker Group Venture Capital, Accel, Hyde Park Venture Partners"
"364","507","2000000000","259000000","Sierra Ventures, Battery Ventures, Asset Management Ventures"
"365","910","1000000000","259000000","B Capital Group,, GE Ventures, McKesson Ventures"
"366","756","1000000000","260000000","Javelin Venture Partners, Struck Capital, Alumni Ventures Group"
"367","480","2000000000","261000000","Index Ventures, Kleiner Perkins Caufield & Byers, Bessemer Venture Partners"
"368","405","2000000000","261000000","Redpoint Ventures, Providence Equity Partners, Silversmith Capital Partners"
"369","683","1000000000","262000000","General Atlantic"
"370","959","1000000000","263000000","NewAlpha, XAnge Private Equity, Tencent Holdings"
"371","954","1000000000","263000000","Optum Ventures, Qiming Venture Partners, Transformation Capital"
"372","203","4000000000","263000000","Norwest Venture Partners, Goldman Sachs, Dell Technologies Capital"
"373","170","4000000000","263000000","Kuang-Chi"
"374","698","1000000000","264000000","TLV Partners, Zeev Ventures, Bessemer Venture Partners"
"375","790","1000000000","264000000","Georgian Partners, Silver Lake, Presidio Ventures"
"376","962","1000000000","265000000","NFX, Plum Alley, Mayfield"
"377","865","1000000000","265000000","TLV Partners, Lightspeed Venture Partners, M12"
"378","461","2000000000","266000000","Forerunner Ventures, Institutional Venture Partners, Thrive Capital"
"379","670","1000000000","267000000","Alibaba Group, China Everbright Investment Management, Yinxinggu Capital"
"380","529","2000000000","268000000","Tencent Holdings, CRV, Clocktower Technology Ventures"
"381","634","1000000000","268000000","Source Code Capital, XVC Venture Capital, Hillhouse Capital Management"
"382","897","1000000000","269000000","Acero Capital, General Catalyst, M12"
"383","924","1000000000","269000000","Greylock Partners, Google Ventures, BlackRock"
"384","768","1000000000","271000000","Insight Partners, Salesforce Ventures, Perpetual Investors"
"385","707","1000000000","271000000","Y Combinator, S Capital, Tenaya Capital"
"386","673","1000000000","271000000","Max Ventures, Mangrove Capital Partners, 14W"
"387","1049","1000000000","271000000","Anthemis, Connect Ventures, Northzone Ventures"
"388","1017","1000000000","273000000","Atomico, NGP Capital, Google Ventures"
"389","856","1000000000","273000000","Sequoia Capital China, Lenovo Capital and Incubator, Group GSR Ventures"
"390","1007","1000000000","273000000","Green Bay Ventures, M12, Andreessen Horowitz"
"391","462","2000000000","274000000","Bessemer Venture Partners, Eight Roads Ventures, Battery Ventures"
"392","832","1000000000","274000000","Opus Capital, Genesis Partners, Battery Ventures"
"393","265","3000000000","274000000","Accel, Tiger Global Management, Nexus Venture Partners"
"394","485","2000000000","275000000","Greycroft, Lerer Hippeau, Geekdom Fund"
"395","490","2000000000","275000000","RedBird Capital Partners, CJ ENM, Tencent Holdings"
"396","723","1000000000","276000000","Marchmont Ventures, BMW i Ventures, Index Ventures"
"397","913","1000000000","277000000","Global Founders Capital, Shea Ventures, Greycroft"
"398","534","2000000000","277000000","ICONIQ Growth, Bain Capital Ventures, Summit Partners"
"399","494","2000000000","277000000","Knox Lane, Ainge Advisory, Carlson Private Capital Partners"
"400","849","1000000000","277000000","Bain Capital Tech Opportunities, Andreessen Horowitz, Sequoia Capital"
"401","908","1000000000","279000000","OLX Group, KCK Group, EXOR Seeds"
"402","264","3000000000","280000000","Fabric Ventures, AirTree Ventures, Temasek"
"403","550","2000000000","281000000","Undisclosed"
"404","778","1000000000","281000000","Qualcomm Ventures, Accel, Canaan Partners"
"405","624","1000000000","281000000","Ding Xiang Capital, New Hope Fund, Sino-Ocean Capital"
"406","958","1000000000","282000000","Accel Partners, Greylock Partners, Lowercase Capital"
"407","440","2000000000","282000000","Sequoia Capital, Index Ventures, S Capital"
"408","921","1000000000","283000000","IDG Capital, Northern Light Venture Capital, DCM Ventures"
"409","926","1000000000","284000000","Y Combinator, M12, SEEK"
"410","584","2000000000","285000000","A&NN, Rusnano"
"411","980","1000000000","285000000","Vertex Ventures SE Asia, Global Founders Capital, Visa Ventures"
"412","468","2000000000","285000000","V FUND, IDG Capital, Green Pine Capital Partners"
"413","709","1000000000","286000000","March Capital Partners, Temasek, Doha Venture Capital"
"414","138","5000000000","286000000","Ontario Teachers' Pension Plan, Goldman Sachs"
"415","719","1000000000","287000000","8VC, Bedrock Capital, Broom Ventures"
"416","505","2000000000","287000000","Sequoia Capital"
"417","811","1000000000","288000000","500 Global, Rakuten Ventures, Golden Gate Ventures"
"418","395","2000000000","289000000","Nyca Partners, Index Ventures, Technology Crossover Ventures"
"419","746","1000000000","291000000","Lightspeed Venture Partners, Dell Technologies Capital, Wipro Ventures"
"420","1052","1000000000","292000000","Accel, Tiger Global Management, Omidyar Network"
"421","806","1000000000","292000000","Lightspeed Venture Partners, Khosla Ventures, Munich Re Ventures"
"422","873","1000000000","292000000","Woodford Investment Management"
"423","966","1000000000","293000000","Aglae Ventures, Global Founders Capital, Alven Capital"
"424","545","2000000000","293000000","Magma Venture Partners, Pitango Venture Capital, Qumra Capital"
"425","912","1000000000","294000000","Innovation Endeavors, Aleph, Temasek"
"426","187","4000000000","294000000","First Round Capital, Sequoia Capital, Index Ventures"
"427","47","10000000000","294000000","IDG Capital, Venture51, Lightspeed Venture Partners"
"428","868","1000000000","294000000","Lerer Hippeau, Munich Re Ventures, Eclipse Ventures"
"429","671","1000000000","294000000","Redpoint Ventures, Norwest Venture Partners, Sierra Ventures"
"430","521","2000000000","295000000","Venrock, CVF Capital Partners, ARCH Venture Partners"
"431","591","2000000000","296000000","Rethink Impact, Work-Bench, RRE Ventures"
"432","593","2000000000","296000000","Khosla Ventures, Green Innovations, Founders Fund"
"433","84","7000000000","297000000","TA Associates, SoftBank Group, GS Growth"
"434","459","2000000000","298000000","Alta Partners, General Catalyst, Jove Equity Partners"
"435","514","2000000000","298000000","Zhangjiang Haocheng Venture Capital, Walden International, Intel Capital"
"436","425","2000000000","299000000","General Catalyst, Origin Ventures, Fontinalis Partners"
"437","561","2000000000","299000000","K9 Ventures, Menlo Ventures, Andreessen Horowitz"
"438","303","3000000000","299000000","AME Cloud Ventures, Future Perfect Ventures, Blockchain Capital"
"439","914","1000000000","299000000","Accel, 14W, GS Growth"
"440","957","1000000000","299000000","Scale Venture Partners, Bond, Tiger Global Management"
"441","368","2000000000","29000000","L Catterton, Franklin Templeton, First Light Capital Group"
"442","204","4000000000","2000000000","Blackstone, ICONIQ Growth, General Atlantic"
"443","14","25000000000","2000000000","Forerunner Ventures, Crosslink Capital, Homebrew"
"444","1010","1000000000","2000000000","Target Global, UBS Asset Management, Mubadala Capital"
"445","10","33000000000","2000000000","index Ventures, DST Global, Ribbit Capital"
"446","220","4000000000","2000000000","HD Capital, Qihoo 360 Technology, China Fortune Land Development"
"447","615","1000000000","2000000000","CreditEase Fintech Investment Fund, BMW i Ventures, SoftBank Group"
"448","6","40000000000","2000000000","Tiger Global Management, Insight Partners, DST Global"
"449","3","95000000000","2000000000","Khosla Ventures, LowercaseCapital, capitalG"
"450","34","12000000000","2000000000","Tiger Global Management, Sequoia Capital, Revo Capital"
"451","12","32000000000","2000000000","Sequoia Capital, Thoma Bravo, Softbank"
"452","657","1000000000","2000000000","Ant Financial Services Group, GGV Capital"
"453","169","4000000000","2000000000","SoftBank Group, General Atlantic"
"454","2","100000000000","2000000000","Tiger Global Management, Sequoia Capital China, Shunwei Capital Partners"
"455","26","13000000000","2000000000","Andreessen Horowitz, F-Prime Capital, Venrock"
"456","93","7000000000","2000000000","Sequoia Capital China, Warburg Pincus, General Catalyst"
"457","176","4000000000","2000000000","Hillhouse Capital Management, Linear Venture, Morningside Venture Capital"
"458","86","7000000000","2000000000","Khosla Ventures, Horizons Ventures, Temasek Holdings"
"459","66","9000000000","2000000000","DST Global, SoftBank Group, Mountain Nazca"
"460","64","9000000000","2000000000","SoftBank Group, Greylock Partners, Gaorong Capital"
"461","62","9000000000","2000000000","SBI Investment Korea, Partners Investment, GIC"
"462","60","10000000000","2000000000","Upper90, RiverPark Ventures, Advent International"
"463","71","8000000000","2000000000","Kaalari Capital, Tencent Holdings, Steadview Capital"
"464","640","1000000000","2000000000","SoftBankGroup, Blackrock, Alibaba Group"
"465","56","10000000000","2000000000","MindWorks Ventures, Shunwei Capital Partners, Xiang He Capital"
"466","76","8000000000","2000000000","Sutter Hill Ventures, Liberty Global Ventures, Coatue Management"
"467","83","8000000000","2000000000","Bloomberg Beta, Founders Fund, First Round Capital"
"468","149","5000000000","2000000000","DST Global, Andreessen Horowitz, Sequoia Capital, Redpoint e.ventures"
"469","67","9000000000","2000000000","Redalpine Venture Partners, Earlybird Venture Capital, Valar Ventures"
"470","155","5000000000","2000000000","Credit Suisse"
"471","103","6000000000","2000000000","Alibaba Group, Boyu Capital, Borui Capital"
"472","523","2000000000","300000000","Sixth Street Partners, Declaration Partners, Maverick Ventures Israel"
"473","789","1000000000","300000000","IDG Capital, ZhenFund, Sequoia Capital China"
"474","961","1000000000","300000000","Morningside Venture Capital, IDG Capital, DCM Ventures"
"475","854","1000000000","300000000","KKR, Alibaba Group, Ping An Insurance"
"476","554","2000000000","300000000","Lightspeed Venture Partners, Almaz Capital Partners, Altimeter Capital"
"477","522","2000000000","301000000","Tiger Global Management, Sequoia Capital India, Ribbit Capital"
"478","935","1000000000","302000000","Fosun RZ Capital, Oceanwide Holdings, Shenzhen Qianhe Capital Management Co."
"479","552","2000000000","302000000","Deciens Capital, Bezos Expeditions, 500 Startups"
"480","687","1000000000","303000000","Refactor Capital, Andreessen Horowitz, Fifty Years Fund"
"481","815","1000000000","304000000","HV Capital, Softbank Group, BlackRock"
"482","895","1000000000","305000000","American Family Ventures, Cox Enterprises, OMERS Ventures"
"483","510","2000000000","305000000","Viola Ventures, Insight Partners, ClalTech, Goldman Sachs"
"484","531","2000000000","305000000","Lightspeed Venture Partners, Sapphire Ventures, Kleiner Perkins Caufield & Byers"
"485","949","1000000000","306000000","TAL Education Group, Legend Star, Alibaba Group"
"486","833","1000000000","307000000","Insight Partners, e.ventures, General Atlantic"
"487","650","1000000000","307000000","Dark Horse Technology Group, Hopu Investment Management, Kefa Capital"
"488","1057","1000000000","308000000","Accel Partners, Comcast Ventures, General Atlantic"
"489","785","1000000000","309000000","Accel, Greycroft, Advancit Capital"
"490","408","2000000000","310000000","Scale Venture Partners, Sapphire Ventures, Battery Ventures"
"491","1015","1000000000","310000000","Speedinvest, Valar Ventures, Uniqa Ventures"
"492","642","1000000000","310000000","N5 Capital, CR Capital Mgmt, JD Digits"
"493","617","1000000000","310000000","SoftBank Group"
"494","779","1000000000","310000000","L'Occitane, Trifecta Capital, Bessemer Venture Partners"
"495","475","2000000000","311000000","MMC Ventures, BGF Ventures, Unilever Ventures"
"496","349","3000000000","311000000","Fabric Ventures, 500 Global, Standard Crypto"
"497","272","3000000000","313000000","CRV, Accel, Google Ventures"
"498","708","1000000000","314000000","BlackRock, Tengelmann Ventures, Holtzbrinck Ventures"
"499","916","1000000000","314000000","L Catterton, Trellis Partners, Vista Equity Partners"
"500","289","3000000000","314000000","Andreessen Horowitz, IA Ventures, Felicis Ventures"
"501","675","1000000000","314000000","Index Ventures, Eight Roads Ventures, General Atlantic"
"502","266","3000000000","314000000","Coatue Managemeny, Trinity Ventures, Matrix Partners"
"503","784","1000000000","315000000","Newpath Partners, Google Ventures, F-Prime Capital"
"504","471","2000000000","315000000","Threshold Ventures, Baseline Ventures, Harrison Metal"
"505","622","1000000000","315000000","QiMing Venture Partners, Temasek Holdings, Silverlink Capital"
"506","574","2000000000","315000000","SoftBank Group, Maverick Capital"
"507","766","1000000000","317000000","Advent International, Battery Ventures, Sequoia Capital Israel"
"508","693","1000000000","318000000","Signal Peak Ventures, Owl Ventures, Jump Capital"
"509","390","2000000000","320000000","GreatPoint Ventures, Meritech Capital Partners, PayPal Ventures"
"510","413","2000000000","320000000","Redpoint e.ventures, Valor Capital Group, SoftBank Latin America Fund"
"511","684","1000000000","323000000","Left Lane Capital, Clocktower Technology Ventures, Jump Capital"
"512","801","1000000000","323000000","General Catalyst, Bling Capital, Felicis Ventures"
"513","748","1000000000","324000000","Mitsubishi Corporation, Mayfair Equity Partners"
"514","206","4000000000","324000000","Tiger Global Management, American Express Ventures, B Capital Group"
"515","752","1000000000","325000000","Andreessen Horowitz, Prosus Ventures, Thrive Capital"
"516","820","1000000000","325000000","BlueRun Ventures, Grand Flight Investment, Meituan Dianping"
"517","965","1000000000","325000000","Silicon Valley Bank, QED Investors, European Founders Fund"
"518","448","2000000000","325000000","TPG Growth, Goldman Sachs"
"519","902","1000000000","325000000","Bessemer Venture Partners, Pitango Venture Capital, D1 Capital Partners"
"520","1036","1000000000","326000000","Index Ventures, IDInvest Partners, Daphni"
"521","304","3000000000","326000000","Thrive Capital, Founders Fund, Cocnord Health Partners"
"522","325","3000000000","328000000","Tiger Global Management, Tiger Brokers, DCM Ventures"
"523","1019","1000000000","328000000","Andreessen Horowitz, Homebrew, Point72 Ventures"
"524","690","1000000000","328000000","KKR, Aspenwood Ventures, Spark Capital"
"525","636","1000000000","329000000","Durable Capital Partners, Cercano Management, T. Rowe Price"
"526","342","3000000000","329000000","Khosla Ventures, Thrive Capital, Y Combinator"
"527","343","3000000000","330000000","Uncork Capital, Threshold Ventures, Bloomberg Beta"
"528","933","1000000000","330000000","Ginko Ventures"
"529","1011","1000000000","330000000","KKR, FTV Capital, Ten Eleven Ventures"
"530","1062","1000000000","330000000","SAIF Partners China, Baidu, IDG Capital"
"531","428","2000000000","331000000","Norwest Venture Partners, Accel, Tiger Global Management"
"532","1021","1000000000","331000000","Hyde Park Venture Partners, FundersClub, Bain Capital Ventures"
"533","332","3000000000","333000000","Balderton Capital, General Catalyst, Tiger Global Management"
"534","950","1000000000","333000000","Horizons Ventures, Sequoia Capital India, Alpha JWC Ventures"
"535","54","10000000000","333000000","Index Ventures, Greylock Partners, Kleiner Perkins Caufield & Byers"
"536","308","3000000000","334000000","Accel, Sequoia Capital, Y Combinator"
"537","493","2000000000","334000000","Accel, Alven Capital, Storm Ventures"
"538","237","4000000000","335000000","Accel, Silversmith Capital Partners, capitalG"
"539","730","1000000000","335000000","Bessemer Venture Partners, Menlo Ventures, Anthermis"
"540","741","1000000000","336000000","Chromo Invest, Maersk Growth, BlackRock"
"541","960","1000000000","336000000","Flybridge Capital Partners, SoftBank Group, Monashees+"
"542","1038","1000000000","336000000","Matrix Partners, Passport Capital, Rho Ventures"
"543","780","1000000000","337000000","Kinnevik, Softbank Group, Prosus Ventures"
"544","774","1000000000","337000000","Flagship Pioneering, Alexandria Venture Investments, Investment Corporation of Dubai"
"545","936","1000000000","337000000","Wing Venture Capital, Slow Ventures, Uncork Capital"
"546","351","3000000000","339000000","Tiger Global Management, Insight Partners, Jump Capital"
"547","602","2000000000","339000000","Gauss Ventures, Ventura Capital, dmg ventures"
"548","802","1000000000","339000000","Pelion Venture Partners, Foundation Capital, Thoma Bravo"
"549","794","1000000000","33000000","CDIB Capital"
"550","381","2000000000","340000000","Hinduja Group"
"551","1025","1000000000","340000000","Andreessen Horowitz, Andreessen Horowitz, Institutional Venture Partners, Accel"
"552","831","1000000000","340000000","Accelm Scania Growth Capital, Lakestar"
"553","429","2000000000","340000000","Sodexo Ventures, SoftBank Group"
"554","547","2000000000","341000000","Ignition Partners, Formation 8, CRV"
"555","568","2000000000","342000000","CRV, Blue Cloud Ventures, Index Ventures"
"556","57","10000000000","343000000","Index Ventures, Draft Ventures, Felicis Ventures"
"557","628","1000000000","344000000","Advent International"
"558","517","2000000000","345000000","Plug and Play Ventures, Valor Capital Group, DST Global"
"559","777","1000000000","345000000","SoftBank Latin America Fund, Advent International, Balderton Capital"
"560","827","1000000000","346000000","Auriga, Galeo Ventures, Highland Europe"
"561","786","1000000000","347000000","Madrona Venture Group, Kleiner Perkins Caufield & Byers, Highland Capital Partners"
"562","528","2000000000","349000000","FirstMark Capital, Tiger Global Management, ICONIQ Capital"
"563","210","4000000000","350000000","Vista Equity Partners, Wincove, TDR Capital"
"564","917","1000000000","350000000","SCB 10X, Krungsri Finnovate, eWTP Capital"
"565","328","3000000000","351000000","ICONIQ Capital, OpenView Venture Partners"
"566","508","2000000000","351000000","Fashion Tech Lab, Fidelity Investments, Vast Ventures"
"567","192","4000000000","352000000","Andreessen Horowitz, Lux Capital, General Catalyst"
"568","994","1000000000","352000000","Sequoia Capital China, Shunwei Capital Partners, Qualgro"
"569","877","1000000000","352000000","Accel, Sands Capital, International Finance Corporation"
"570","646","1000000000","352000000","IA Ventures, Khosla Ventures, AME Cloud Ventures"
"571","589","2000000000","356000000","Viola Ventures, Dell Technologies Capital, Bain Capital Ventures"
"572","278","3000000000","357000000","Contour Venture Partners, Battery Ventures, Core Capital Partners"
"573","474","2000000000","358000000","DataTribe, Energy Impact Partners, AllegisCyber Capital"
"574","918","1000000000","359000000","Prometheus Capital, Matrix Partners China, JD Capital Management"
"575","323","3000000000","360000000","Silversmith Capital Partners, Susquehanna Growth Equity, Tiger Global Management"
"576","729","1000000000","361000000","Qiming Venture Partners, China Internet Investment Fund, Qualcomm Ventures"
"577","835","1000000000","361000000","Draper Fisher Jurtson, Qualcomm Ventures, Alibaba Group"
"578","680","1000000000","362000000","China Grand Prosperity Investment, CSC Group"
"579","927","1000000000","362000000","TDK Ventures, Social Capital, D1 Capital Partners"
"580","467","2000000000","364000000","Index Ventures, Temasek, Portag3 Ventures"
"581","535","2000000000","365000000","Khosla Ventures, Bain Capital Ventures, Lightspeed Venture Partners"
"582","773","1000000000","365000000","FirstMark Capital, Tiger Global Management, FTX Venture"
"583","596","2000000000","365000000","Blackrock, capitalG, World Lab Innovation"
"584","267","3000000000","366000000","Sutter Hill Ventures, Osage University Partners, Spark Capital"
"585","208","4000000000","367000000","Addition, Benhcmark, Accel"
"586","702","1000000000","368000000","New Enterprise Associates, Tiger Global management, Tencent"
"587","648","1000000000","369000000","Qiming Venture Partners, China Broadband Capital, CDH Investments"
"588","1003","1000000000","370000000","Wellington Management, Eurazeo, Citi Ventures"
"589","412","2000000000","370000000","Kaszek Ventures, SOSV, Tiger Global Management"
"590","558","2000000000","370000000","Andreessen Horowitz, Caffeinated Capital, SciFi VC"
"591","1029","1000000000","371000000","Andreessen Horowitz, Triangle Peak Partners, Ignition Partners"
"592","158","5000000000","371000000","Eight Roads Ventures, Greycroft, Ignition Partners"
"593","536","2000000000","371000000","VY Capital, Accel, Elevation Capital"
"594","598","2000000000","373000000","Caffeinated Capital, Obvious Ventures, Venrock"
"595","512","2000000000","374000000","Founders Fund, Khosla Ventures, Goldman Sachs"
"596","39","11000000000","376000000","LTW Capital, Legend Capital, Qualcomm Ventures"
"597","1037","1000000000","376000000","Prime Movers Lab, Khosla Ventures, I Squared Capital"
"598","431","2000000000","376000000","Sequoia Capital India, RTP Global, Go-Ventures"
"599","739","1000000000","378000000","Kaszek Ventures, QED Investors, International Finance Corporation"
"600","499","2000000000","378000000","Pantera Capital, QED Investors, Coinbase Ventures"
"601","207","4000000000","379000000","General Atlantic, Blackstone, ICONIQ Growth"
"602","1069","1000000000","379000000","K2 Ventures, Matrix Partners China, IDG Capital"
"603","307","3000000000","379000000","M12, WestBridge Capital, Lightspeed Venture Partners"
"604","437","2000000000","380000000","March Capital Partners, HOF Capital, Emergence Capital Partners"
"605","787","1000000000","380000000","Partech Partners, Index Ventures, Quadrille Capital"
"606","392","2000000000","381000000","Spark Capital, Google Ventures, CRE Venture Capital"
"607","182","4000000000","381000000","Matrix Partners, Initialized Capital, Tiger Global Management"
"608","401","2000000000","381000000","Insight Partners, Kibo Ventures, Bessemer Venture Partners"
"609","555","2000000000","381000000","Alta Ventures Mexico, General Atlantic, SoftBank Group"
"610","713","1000000000","382000000","Simon Equity Partners, Wavemaker Partners, Anthem Venture Partners"
"611","772","1000000000","382000000","GGV Capital, BlackRock, ACE & Company"
"612","700","1000000000","384000000","Helion Venture Partners, Tiger Global management, CRV"
"613","442","2000000000","386000000","OMERS Private Equity, T. Rowe Price, Technology Crossover Ventures"
"614","663","1000000000","388000000","Matrix Partners China, Sequoia Capital China, Genesis Capital"
"615","1068","1000000000","389000000","Matrix Partners China, Sequoia Capital China, Hundreds Capital"
"616","722","1000000000","390000000","Menlo Ventures, Resolute Ventures, IA Ventures"
"617","444","2000000000","390000000","Norwest Venture Partners, Aspect Ventures, Lightspeed Venture Partners"
"618","888","1000000000","390000000","Valor Capital Group, Lightrock, Softbank Group"
"619","366","2000000000","390000000","Trustbridge Partners, Hony Capital, IDG Capital"
"620","915","1000000000","391000000","Bertelsmann Asia Investments, Sequoia Capital China, NIO Capital"
"621","339","3000000000","393000000","Tiger Global Management, Sequoia Capital India, Ribbit Capital"
"622","656","1000000000","393000000","Astanor Ventures, Upfront Ventures, IDInvest Partners"
"623","659","1000000000","394000000","Geely, SIG Asia Investments, China State Capital Venture Capital Fund"
"624","631","1000000000","394000000","Warburg Pincus, Summit Partners, Sands Capital"
"625","275","3000000000","395000000","Vertex Ventures Israel, Bessemer Venture Partners, Emerge"
"626","807","1000000000","396000000","China Reform Fund, Gaopeng Capital, Jinhui Xingye"
"627","985","1000000000","396000000","Lakestar, Battery Ventures, New Enterprise Associates"
"628","466","2000000000","397000000","IMM Investment, NXC"
"629","524","2000000000","397000000","Foundation Capital, Institutional Venture Partners, General Catalyst"
"630","296","3000000000","398000000","BOLDstart Ventures, Lerer Hippeau, Kenetic Capital"
"631","735","1000000000","399000000","SignalFire, GLP Capital Partners, Google Ventures"
"632","309","3000000000","399000000","Thrive Capital, Alliance Consumer Growth, Imaginary Ventures"
"633","577","2000000000","3000000000","Obvious Ventures, Qualcomm Ventures, Andreessen Horowitz"
"634","23","15000000000","3000000000","Accel, Softbank Group, Anthos Capital"
"635","105","6000000000","3000000000","IDG Capital, Bank Of China Group Investment,, SDIC CMC Investment Management"
"636","9","38000000000","3000000000","Andreessen Horowitz, New Enterprise Associates, Battery Ventures"
"637","46","10000000000","3000000000","Sequoia Capital China, Xiang He Capital, GGV Capital"
"638","7","39000000000","3000000000","Khosla Ventures, Kleiner Perkins Caufield & Byers, Collaborative Fund"
"639","48","10000000000","3000000000","SoftBank Group, Sequoia Capital India,Lightspeed India Partners"
"640","502","2000000000","400000000","Andreessen Horowitz, Google Ventures, Section 32"
"641","28","13000000000","400000000","General Catalyst, Institutional Venture Partners, Breyer Capital"
"642","516","2000000000","401000000","Sequoia Capital China, Banyan Capital"
"643","438","2000000000","401000000","Menlo Ventures, GGV Capital, Flybridge Capital Partners"
"644","501","2000000000","402000000","Expa, QED Investors, Foundation Capital"
"645","473","2000000000","403000000","Alta Partners, Questa Capital, Echo Health Venturesl"
"646","465","2000000000","403000000","Yabeo Capital, SBI Investment, Vulcan Capital"
"647","1044","1000000000","403000000","British Patient Capital, SEB Venture Capital, IQ Capital"
"648","818","1000000000","404000000","Khosla Ventures, General Catalyst, Blumberg Capital"
"649","195","4000000000","404000000","NextView Ventures, Promus Ventures, Two Sigma Ventures"
"650","125","6000000000","405000000","Pine Brook, American Express Ventures, Kleiner Perkins Caufield & Byers"
"651","885","1000000000","406000000","Franklin Templeton, Motive Partners, Apollo Global Management"
"652","689","1000000000","407000000","Seaya Ventures, Otter Rock Capital, Rakuten"
"653","288","3000000000","407000000","Sequoia Capital, Google Ventures, Accel"
"654","280","3000000000","407000000","Foundry Group, General Atlantic, BlackRock"
"655","843","1000000000","408000000","Bain Capital, Altos Ventures, Songhyun Investment"
"656","256","3000000000","408000000","Goldman Sachs, VebVentures, Insight Partners"
"657","582","2000000000","408000000","Eight Roads Ventures, One Peak Partners, Creandum"
"658","745","1000000000","408000000","LocalGlobe, Kinnevik, Felix Capital"
"659","559","2000000000","410000000","Lightspeed Venture Partners, Redpoint Ventures, Norwest Venture Partners"
"660","590","2000000000","410000000","Japan Post Capital, Globis Capital Partners, Atomico"
"661","124","6000000000","412000000","Thrive Capital, Benchmark, MenloVentures"
"662","233","4000000000","413000000","Index Ventures, Thrive Capital, CRV"
"663","209","4000000000","414000000","Andreessen Horowitz, Amplify Partners, Sequoia Capital"
"664","284","3000000000","414000000","Index Ventures, Coatue Management, Andreessen Horowitz"
"665","119","6000000000","415000000","Battery Ventures, Storm Ventures, Redpoint Ventures"
"666","1016","1000000000","416000000","Fasanara Capital, Tiger Global Management, Baleen Capital"
"667","291","3000000000","417000000","KKR"
"668","371","2000000000","417000000","Oak HC/FT Partners, GF Investments, Harvey Golub Family Office"
"669","488","2000000000","417000000","Google Ventures, Index Ventures, Scale Venture Partners"
"670","245","3000000000","418000000","Rhone Capital"
"671","435","2000000000","419000000","T. Rowe Price, Lockheed Martin Ventures, Fidelity Investment"
"672","346","3000000000","419000000","Accel, Summit Partners, Google Ventures"
"673","445","2000000000","421000000","Insight Venture Partners, ICONIQ Capital, Launchpad Venture Group"
"674","539","2000000000","422000000","Global Founders Capital, Aglae Ventures, Alven Capital"
"675","500","2000000000","422000000","Bain Capital Ventures, Sixth Street Growth, Lightspeed Venture Partners"
"676","497","2000000000","423000000","Softbank Group, AME Cloud Ventures, SignalFire"
"677","99","7000000000","424000000","Morgan Creek Digital, Marcy Venture Partners, 10T Fund"
"678","981","1000000000","424000000","General Atlantic, Elevation Capital, BEENEXT"
"679","159","5000000000","425000000","Insight Partners, Andalusian Capital Partners"
"680","150","5000000000","426000000","Venrock, Battery Ventures, Insight Partners"
"681","710","1000000000","426000000","Goodwater Capital, Entree Capital, Valar Ventures"
"682","348","3000000000","427000000","Jackson Square Ventures, General Atlantic, Lightspeed Venture Partners"
"683","27","13000000000","427000000","Andreessen Horowitz, Thirty Five Ventures, Sound Ventures"
"684","776","1000000000","427000000","Jungle Ventures, Helion Venture Partners, INGKA Investments"
"685","145","5000000000","428000000","Creandum, Founders, Kinnevik"
"686","775","1000000000","430000000","GGV Capital, Tiger Global Management, Greycroft"
"687","385","2000000000","431000000","Mithril, iNovia Capital, Foundry Group"
"688","597","2000000000","432000000","ClalTech, Vertex Ventures, Oryzn Capital"
"689","685","1000000000","432000000","Taigang Venture Capital"
"690","112","6000000000","433000000","Nexus Venture Partners, CRV, Insight Partners"
"691","829","1000000000","433000000","The Carlyle Group"
"692","553","2000000000","433000000","Highland Capital Partners, Oak HC/FT Partners, Emergence Capital Partners"
"693","492","2000000000","434000000","Goodwater Capital, Warburg Pincus, GS Growth"
"694","183","4000000000","434000000","Kleiner Perkins Caufield & Byers, Lightspeed Venture Partners, True Ventures"
"695","188","4000000000","435000000","Airbus Ventures, Index Ventures, Advent International"
"696","402","2000000000","435000000","Kalaari Capital, Norwest Venture Partners, Prosus Ventures"
"697","419","2000000000","435000000","Fifty Years Fund, Refactor Capital, Temasek"
"698","715","1000000000","436000000","Bessemer Venture Partners, Vintage Investment Partners, Blumberg Capital"
"699","543","2000000000","438000000","DCM Ventures, IDG Capital, Siam Commercial Bank"
"700","923","1000000000","439000000","Volcanics Ventures, Vertex Ventures China, Warburg Pincus"
"701","638","1000000000","43000000","Qiming Venture Partners"
"702","660","1000000000","440000000","Khosla Ventures, Horizons Ventures, Founders Fund"
"703","199","4000000000","440000000","Bessemer Venture Partners, Insight Partners, New Era Ventures"
"704","525","2000000000","441000000","SoftBank Group, SAIF Partners India, Valiant Capital Partners"
"705","458","2000000000","445000000","Cybernaut Growth Fund, IDG Capital"
"706","236","4000000000","445000000","SoftBank Group, Norwest Venture Partners"
"707","90","7000000000","447000000","Initialized Capital, Y Combinator, Kleiner Perkins Caufield & Byers"
"708","108","6000000000","448000000","Runa Capital, Acton Capital Partners, Point Nine Capital"
"709","575","2000000000","448000000","SEED Capital, Greyhound Capital, Socii Capital"
"710","767","1000000000","448000000","Sequoia Capital India, Hillhouse Capital Management, Sunley House Capital Management"
"711","984","1000000000","449000000","U.S. Venture Partners, dRx Capital, Andreessen Horowitz"
"712","548","2000000000","449000000","Accel Partners, Index Ventures, Insight Venture Partners"
"713","238","4000000000","450000000","Andreessen Horowitz, Thrive Capital, Sound Ventures"
"714","532","2000000000","450000000","Point72 Ventures, Pelion Venture Partners, Commerce Ventures"
"715","562","2000000000","450000000","Breega Capital, Iris Capital, 360 Capital Partners"
"716","453","2000000000","450000000","Mayfield Fund, Shasta Ventures, L Catterton"
"717","699","1000000000","456000000","Sequoia Capital India, Tiger Global Management, Tencent"
"718","557","2000000000","456000000","8VC, Activant Capital, GLP Capital Partners"
"719","808","1000000000","458000000","Intact Ventures, Munich Re Ventures, General Atlantic"
"720","759","1000000000","45000000","Trane Technologies, Honeywell"
"721","357","2000000000","45000000","DeFi Technologies, Hypersphere Ventures, M13"
"722","922","1000000000","45000000","Polychain Capital, Paradigm, Ribbit Capital"
"723","905","1000000000","460000000","FTV Capital, Endeavor"
"724","300","3000000000","461000000","Institutional Venture Partners, New Enterprise Associates, Javelin Venture Partners"
"725","151","5000000000","462000000","Oak HC/FT Partners, Artis Ventures, WestCap Group"
"726","976","1000000000","463000000","Danone Manifesto Ventures, 1955 Capital, Breakthrough Energy Ventures"
"727","268","3000000000","465000000","The Blue Venture Fund, Flare Capital Partners, Longitude Capital"
"728","406","2000000000","466000000","Digital Currency Group, Draper Esprit, Korelya Capital"
"729","298","3000000000","468000000","Makers Fund, Index Ventures, Inova Ventures Participacees"
"730","179","4000000000","468000000","Insight Partners, Tiger Global Management, Accel"
"731","242","3000000000","471000000","Jungle Ventures, Accel, Venture Highway"
"732","387","2000000000","472000000","Tencent Holdings, Delta Capital, Redpoint Ventures China"
"733","496","2000000000","474000000","Blumberg Capital, American Express Ventures, BDC Venture Capital"
"734","336","3000000000","474000000","Green Visor Capital, CRE Venture Capital, Greycroft"
"735","727","1000000000","475000000","MHS Capital, NextView Ventures, Mayfield Fund"
"736","560","2000000000","475000000","Nexus Venture Partners, Tenaya Capital, Sequoia Capital"
"737","318","3000000000","475000000","Susquehanna Growth Equity, Citi Ventures, ICONIQ Capital"
"738","581","2000000000","475000000","Insight Partners, Warburg Pincus, Ayala Corporation"
"739","18","18000000000","476000000","Accel, AltaIR Capital, Technology Crossover Ventures"
"740","193","4000000000","477000000","NewView Capital, Maveron, Ridge Ventures"
"741","358","2000000000","477000000","Octopus Ventures, Munich Re Ventures, CommerzVentures"
"742","757","1000000000","482000000","Madrona Venture Group, Banner Ventures, FJ Labs"
"743","302","3000000000","483000000","Artiman Ventures, Plug and Play Ventures, Anthos Capital"
"744","311","3000000000","483000000","Sequoia Capital, Baillie Gifford & Co., Google Ventures"
"745","1013","1000000000","484000000","Alpargatas, GS Growth, Lightspeed Venture Partners"
"746","537","2000000000","487000000","Square Peg Capital, TDM Growth Partners, Tiger Global Management"
"747","326","3000000000","487000000","Andreessen Horowitz, Blockchain Capital, Lux Capital"
"748","190","4000000000","489000000","Mayfield Fund, M12, Trinity Ventures"
"749","955","1000000000","489000000","3one4 Capital Partners, Bertelsmann India Investments, Vertex Ventures SE Asia"
"750","24","14000000000","490000000","Lightspeed Venture Partners, Google Ventures, Lakestar"
"751","133","5000000000","492000000","Warmsun Holding, IDG Capital Partners"
"752","1067","1000000000","492000000","RRE Ventures+, Highland Capital Partners, The Carlyle Group"
"753","197","4000000000","493000000","Upfront Ventures, Webb Investment Network, D1 Capital Partners"
"754","213","4000000000","495000000","Google Ventures, Battery Ventures, DST Global"
"755","533","2000000000","496000000","Accel, frst, Kima Ventures"
"756","721","1000000000","496000000","Green Pine Capital Partners, Ivy Capital, DCM Ventures"
"757","506","2000000000","550000000","General Atlantic"
"758","276","3000000000","496000000","Sequoia Capital, Bain Capital Ventures, enaya Capital"
"759","347","3000000000","496000000","Index Ventures, Sequoia Capital, General Catalyst"
"760","59","10000000000","497000000","DJF, Salesforce Ventures, Storm Ventures"
"761","486","2000000000","497000000","Temasek, Google Ventures, General Catalyst"
"762","142","5000000000","497000000","General Catalyst, Viking Global Investors, T. Rowe Price"
"763","447","2000000000","498000000","Norwest Venture Partners, Hillsven Capital, Aleph"
"764","196","4000000000","498000000","Lightspeed Venture Partners, Redpoint Ventures, Viking Global Investors"
"765","52","10000000000","4000000000","Sequoia Capital China, GX Capital"
"766","15","22000000000","4000000000","Tencent Holdings, Lightspeed India Partners, Sequoia Capital India"
"767","13","27000000000","4000000000","SoftBank Group, Andreessen Horowitz, Temasek Holdings"
"768","19","17000000000","4000000000","Tencent Holdings, Warbug Pincus, IDG Capital"
"769","30","12000000000","4000000000","Vattenfall, Volkswagen Group, Goldman Sachs"
"770","89","7000000000","4000000000","Accel Partners, SoftBank Group, Sequoia Capital"
"771","166","5000000000","4000000000","Baidu Capital, Linear Venture, Tencent"
"772","29","12000000000","4000000000","Volkswagen Group, Ford Autonomous Vehicles"
"773","4","46000000000","4000000000","Institutional Venture Partners, Sequoia Capital, General Atlantic"
"774","324","3000000000","500000000","Iconiq Capital"
"775","257","3000000000","500000000","Warburg Pincus, General Catalyst"
"776","165","5000000000","503000000","China Life Insurance, China Development Bank Capital, CITIC Securities International"
"777","359","2000000000","503000000","SoftBank Group"
"778","576","2000000000","503000000","Qiming Venture Partners, Capital Today, General Atlantic"
"779","230","4000000000","504000000","Accel, Aleph, American Express Ventures"
"780","948","1000000000","504000000","CE-Ventures, BECO Capital, Nordstar"
"781","180","4000000000","505000000","Two Sigma Ventures, Flint Capital, Commerce Ventures"
"782","573","2000000000","507000000","Qualcomm Ventures, SoftBank Group, Monashees+"
"783","530","2000000000","507000000","GSR Ventures, Sapphire Ventures, Streamlined Ventures"
"784","283","3000000000","507000000","Insight Partners, Salesforce Ventures, Vertex Ventures"
"785","520","2000000000","507000000","e.ventures, Bain Capital Ventures, Greycroft"
"786","495","2000000000","509000000","General Catalyst, Eleation Capital, Avenir Growth Capital"
"787","696","1000000000","509000000","EQT Partners, Blackstone"
"788","711","1000000000","511000000","BNP Paribas, Goldman Sachs, Google"
"789","678","1000000000","511000000","Source Code Capital, Meituan Dianping, Tencent Holdings"
"790","132","5000000000","514000000","Oriza Holdings, Guangdong Technology Financial Group"
"791","986","1000000000","515000000","Temasek, Guggenheim Investments, Qatar Investment Authority"
"792","1056","1000000000","516000000","Vostok New Ventures, The Raine Group, Balderton Capital"
"793","469","2000000000","517000000","Tencent Holdings, Goldman Sachs"
"794","566","2000000000","517000000","Zheshang Venture Capital, GP Capital, Western Capital Management"
"795","1047","1000000000","51000000","GCP Capital Partners"
"796","992","1000000000","51000000","Rembrandt Venture Partners, M12, Altos Ventures"
"797","762","1000000000","520000000","Cool Japan Fund, JAFCO, The Carlyle Group"
"798","706","1000000000","521000000","Sequoia Capital India, Lightbox Ventures, Coatue Management"
"799","221","4000000000","523000000","Fifth Wall Ventures, Energize Ventures, ICONIQ Capital"
"800","564","2000000000","523000000","Tiantu Capital, CMB International Capital, Vision Knight Capital"
"801","329","3000000000","523000000","Brookfield Asset Management, Blackstone, Data Collective"
"802","608","1000000000","523000000","V Star Capital, GF Xinde Investment Management Co., Haitong Leading Capital Management"
"803","116","6000000000","524000000","Global Founders Capital, Nortzone Ventures, Picus Capital"
"804","859","1000000000","524000000","Jackson Square Ventures, Greenoaks Capital Management, Softbank Group"
"805","504","2000000000","525000000","General Atlantic, SoftBank Group, Atomico"
"806","337","3000000000","525000000","Sequoia Capital Israel, Scale Venture Partners, Commerce Ventures"
"807","879","1000000000","526000000","8VC, Liberty Strategic Capital, Eden Global Partners"
"808","578","2000000000","527000000","Accel, D1 Capita Partners, Greenoaks Capital Management"
"809","527","2000000000","529000000","Accel, Passion Capital, Balderton Capital"
"810","629","1000000000","52000000",""
"811","260","3000000000","531000000","Fairfax Financial Holdings, A91 Partners, TVS Capital"
"812","692","1000000000","532000000","Orange Digital Ventures, Access Industries"
"813","259","3000000000","532000000","Aspect Ventures, SingTel Innov8, Greylock Partners"
"814","867","1000000000","534000000","Vista Equity Partners, Warburg Pincus, First Ascent Ventures"
"815","338","3000000000","535000000","Lightspeed Venture Partners, Lead Edge Capital, Coatue Management"
"816","225","4000000000","535000000","Georgian Partners, Craft Ventures"
"817","362","2000000000","536000000","Shunwei Capital Partners, China Media Group, Guangzhou Huiyin Aofeng Equity Investment Fund"
"818","541","2000000000","536000000","Vision Plus Capital, GSR Ventures, ZhenFund"
"819","883","1000000000","538000000","Union Square Ventures, Summerhill Venture Partners, Mithril Capital Management"
"820","450","2000000000","538000000","Liberty City Ventures, RRE Ventures, Mithril Capital Management"
"821","838","1000000000","53000000","Beijing Juneng Hesheng Industry Investment Fund, Beijing Shuju Xinrong Fund"
"822","181","4000000000","542000000","General Catalyst, HCA Healthcare"
"823","479","2000000000","542000000","Tao Capital Partners, Global Asset Capital, Tiger Global Management"
"824","286","3000000000","543000000","Sequoia Capital India, Kae Capital, Accel"
"825","432","2000000000","544000000","Soros Fund Management, Ribbit Capital, Monashees+"
"826","570","2000000000","545000000","Insight Partners, TPG Alternative & Renewable Technologies, Ireland Strategic Investment Fund"
"827","1020","1000000000","545000000","Griffin Gaming Partners, Andreessen Horowitz, Battery Ventures"
"828","216","4000000000","546000000","Speedinvest, Valar Ventures, Uniqa Ventures"
"829","607","1000000000","547000000","Blue Label Telecoms, Net1 UEPS Technologies"
"830","900","1000000000","549000000","Standard Chartered, FinSight Ventures, Affirma Capital"
"831","77","8000000000","549000000","01 Advisors, Zeev Ventures, Group 11"
"832","244","3000000000","54000000","Tiger Global Management, Kalaari Capital"
"833","569","2000000000","550000000","Meritech Capital Partners, Tiger Global Management, Spectrum Equity"
"834","313","3000000000","551000000","Point72 Ventures, Route 66 Ventures, Accel"
"835","235","4000000000","553000000","Greylock Partners, Lightspeed Venture Partners, Khosla Ventures"
"836","654","1000000000","554000000","Source Code Capital, Global Logistic Properties, K2VC"
"837","177","4000000000","555000000","New Enterprise Associates, Coatue Management, Tiger Global Management"
"838","373","2000000000","556000000","IFC, Ajinomoto"
"839","487","2000000000","557000000","Relay Ventures, TTV Capital, Canapi Ventures"
"840","42","11000000000","558000000","Tencent Holdings, Hillhouse Capital Management, Yunfeng Capital"
"841","299","3000000000","558000000","Data Collective, Formation 8, General Catalyst Partners"
"842","141","5000000000","559000000","Y Combinator, Accel, T. Rowe Price"
"843","137","5000000000","562000000","Accel, Insight Partners, Burda Principal Investments"
"844","51","10000000000","564000000","DFJ Growth Fund, Coatue Management, Addition"
"845","586","2000000000","566000000","next47, MaC Venture Capital, FinVC"
"846","144","5000000000","567000000","Threshold Ventures, Lightspeed Venture Partners, Crosslink Capital"
"847","389","2000000000","568000000","BlueCross BlueShield Venture Partners, US Venture Partners"
"848","572","2000000000","569000000","Index Ventures, Creandum, Accel"
"849","585","2000000000","570000000","Sequoia Capital China, Source Code Capital, Redpoint Ventures China"
"850","887","1000000000","570000000","Thrive Capital, Durable Capital Partners, G Squared"
"851","5","40000000000","572000000","Sequoia Capital China, Blackbird Ventures, Matrix Partners"
"852","677","1000000000","572000000","Morningside Ventures, Capital Today, JOY Capital"
"853","49","10000000000","572000000","KKR, ES Ventures, North Bridge Growth Equity"
"854","793","1000000000","573000000","Norwest Venture Partners, Investcorp, Blackstone"
"855","470","2000000000","577000000","Gobi Partners, 500 Startups, Ondine Capital"
"856","261","3000000000","582000000","Greycroft, Loeb.NYC, DST Global"
"857","295","3000000000","583000000","General Atlantic, Insight Partners, Vintage Investment Partners"
"858","95","7000000000","583000000","Norwest Venture Partners, Next World Capital, Wing Venture Capital"
"859","1053","1000000000","585000000","Zeev Ventures, Bond, Fifth Wall Ventures"
"860","594","2000000000","587000000","Northzone Ventures, White Star Capital, Novator Partners"
"861","120","6000000000","587000000","Union Square Ventures, Ribbit Capital, VY Capital"
"862","974","1000000000","588000000","Innova Capital - FIP, 3G Capital Management, Prosus Ventures"
"863","306","3000000000","591000000","Sequoia Capital India, Softbank, Bertelsmann India Investments"
"864","939","1000000000","592000000","Movile, Just Eat, Naspers"
"865","526","2000000000","593000000","Cherry Ventures, Northzone Ventures, Global Founders Capital"
"866","754","1000000000","594000000","Sequoia Capital China, CMC Capital Partners, Tencent Holdings"
"867","376","2000000000","594000000","Sequoia Capital China, Tencent Investment, BA Capital"
"868","889","1000000000","595000000","SingTel Innov8, Alpha JWC Ventures, Golden Gate Ventures"
"869","148","5000000000","596000000","Index Ventures, Battery Ventures, ICONIQ Capital"
"870","157","5000000000","599000000","Capital One Growth Ventures, Citi Ventures, OMERS Ventures"
"871","519","2000000000","599000000","btov Partners, Geely, Intel Capital"
"872","41","11000000000","5000000000","Accel India, SAIF Partners, Norwest Venture Partners"
"873","43","11000000000","5000000000","Aviation Industry Corporation of China, Essence Financial, Jiangsu Sha Steel Group"
"874","16","20000000000","5000000000","Hillhouse Capital Management, Boyu Capital, Sequoia Capital China"
"875","38","12000000000","5000000000","KKR, Tencent Holdings, Sequoia Capital China"
"876","312","3000000000","600000000","Insight Partners, Sequoia Capital India, BEENEXT"
"877","940","1000000000","600000000","Atomico, Hanaco Venture Capital, TriplePoint Capital"
"878","127","6000000000","600000000","Insight Partners, Sequoia Capital, Index Ventures"
"879","94","7000000000","603000000","Accel, Y Combinator, Index Ventures"
"880","205","4000000000","603000000","Casa Verde Capital, Gron Ventures, Thrity Five Ventures"
"881","270","3000000000","607000000","Chiratae Ventures, March Capital Partners, National Grid Partners"
"882","75","8000000000","607000000","Union Square Ventures, Venrock, Andreessen Horowitz"
"883","993","1000000000","60000000","One Luxury Group, Eurazeo"
"884","744","1000000000","610000000","Undisclosed"
"885","341","3000000000","612000000","Matrix Partners China, Bright Venture Capita, Shenzhen Capital Group"
"886","472","2000000000","612000000","Alpha Wave Global, Matrix Partners India, Tiger Global Management"
"887","571","2000000000","614000000","Bertelsmann Asia Investments, GGV Capital, Morningside Venture Capital"
"888","228","4000000000","614000000","New Enterprise Associates, Sequoia Capital, Comcast Ventures"
"889","1073","1000000000","620000000","Novator Partners, True, Causeway Media Partners"
"890","1040","1000000000","623000000","China Everbright Limited, IDG Capital, iFLYTEK"
"891","460","2000000000","624000000","Carsales"
"892","316","3000000000","628000000","Dragoneer Investment Group, DST Global, Franklin Templeton"
"893","320","3000000000","628000000","Kaszek Ventures, Qualcomm Ventures, Accel"
"894","107","6000000000","629000000","Andreessen Horowitz, Spark Capital, Y Combinator"
"895","605","1000000000","62000000","Lindeman Asia Investment, Nichi-Iko Pharmaceutical"
"896","1006","1000000000","62000000","Union Square Ventures, Altos Ventures, Costanoa Ventures"
"897","666","1000000000","632000000","YL Ventures, Redpoint Ventures, GGV Capital"
"898","736","1000000000","633000000","York Capital Management, GE Healthcare, Koch Disruptive Technologies"
"899","156","5000000000","633000000","Google Ventures, Benchmark, FirstMark Capital"
"900","372","2000000000","634000000","Info Edge, Softbank Capital"
"901","544","2000000000","640000000","Upfront Ventures, Tao Capital Partners, Andreessen Horowitz"
"902","378","2000000000","640000000","Bessemer Venture Partners, MoreVC, Team8"
"903","184","4000000000","643000000","Madrona Venture Group, Shasta Ventures, Salesforce Ventures"
"904","135","5000000000","644000000","Two Sigma Ventures, Flint Capital, Commerce Ventures"
"905","102","6000000000","645000000","Barter Ventures"
"906","143","5000000000","647000000","Alven Capital, FirstMark Capital, capitalG"
"907","869","1000000000","64000000","Lemniscap VC, North Island Ventures, Polychain Capital"
"908","674","1000000000","650000000","Warburg Pincus, Aviation Industry Corporation of China"
"909","627","1000000000","650000000","Sequoia Capital China, InnoVision Capital, Qianhai Fund of Funds"
"910","977","1000000000","655000000","JOY Capital, NIO Capital, Blueflame Capital"
"911","167","5000000000","655000000","Accel, Technology Crossover Ventures, LeapFrog Investments"
"912","821","1000000000","656000000","Spark Capital, Highland Europe, Sunstone Capital"
"913","198","4000000000","657000000","Qualcomm Ventures, Samsung Ventures, Silver Lake"
"914","655","1000000000","658000000","Eastern Bell Capital, Capital Today, Longzhu Capital"
"915","546","2000000000","658000000","RRE Ventures, Tiger Global, August Capital"
"916","661","1000000000","660000000","T. Rowe Price, Dragoneer Investment Group, BlackRock"
"917","80","8000000000","660000000","D1 Capital Partners, Stripe, Coatue Management"
"918","253","3000000000","660000000","SoftBank Group, Sequoia Capital, Wing Venture Capital"
"919","100","7000000000","660000000","Third Point, Electric Capital, Coinbase Ventures"
"920","483","2000000000","663000000","Eurazeo, IDInvest Partners, Balderton Capital"
"921","214","4000000000","664000000","Lightspeed Venture Partners, Khosla Ventures, Geodesic Capital"
"922","669","1000000000","665000000","Chiratae Ventures, Accel, Kalaari Capital"
"923","315","3000000000","665000000","Playground Global, M12, BlackRock"
"924","297","3000000000","666000000","Greylock Partners, capitalG, Y Combinator"
"925","222","4000000000","667000000","New Enterprise Associates, Pear, Cowboy Ventures"
"926","515","2000000000","676000000","8VC, D1 Capital Partners, Sway Ventures"
"927","68","9000000000","679000000","Summit Partners, Accel, Astral Capital"
"928","726","1000000000","67000000","Goldman Sachs"
"929","904","1000000000","682000000","Tencent Holdings, DCM Ventures"
"930","441","2000000000","682000000","Google Ventures, Sequoia Capital, Wakefield Group"
"931","301","3000000000","682000000","Dell Technologies Capital, Pitango Venture Capital, Amadeus Capital Partners"
"932","919","1000000000","685000000","TPG Capital, Apax Partners, TA Associates"
"933","263","3000000000","685000000","DN Capital, Left Lane Capital, Coatue Management"
"934","140","5000000000","691000000","Andreessen Horowitz, Founders Fund, Revolution Ventures"
"935","55","10000000000","691000000","General Catalyst Partners, Google Ventures, Kleiner Perkins Caufield & Byers"
"936","377","2000000000","696000000","CPP Investment Board"
"937","871","1000000000","697000000","Yunfeng Capital, SDIC Innovation Investment Management, Shang Qi Capital"
"938","310","3000000000","698000000","Tiger Global, Sequoia Capital, Google Capital"
"939","613","1000000000","700000000","Nextech Invest, Casdin Capital, Google Ventures"
"940","163","5000000000","704000000","Alven Capital, Valar Ventures, Tencent Holdings"
"941","277","3000000000","706000000","General Atlantic, Piton Capital, Partech Partners"
"942","1059","1000000000","70000000","Kleiner Perkins Caufield & Byers, Sequoia Capital"
"943","503","2000000000","710000000","Eastern Bell Capital 32, SDIC CMC Investment Management, Trustbridge Partners"
"944","330","3000000000","711000000","General Catalyst, Digital Currency Group, Accel"
"945","254","3000000000","714000000","SoftBank Group, CRV, Spark Capital"
"946","367","2000000000","717000000","Lightspeed China Partners, Baidu Ventures, Qiming Venture Partners"
"947","399","2000000000","719000000","New Enterprise Associates, Founders Fund, Google Ventures"
"948","61","9000000000","71000000","Qualcomm Ventures, Woori Investment, Hanwha Investment & Securities"
"949","375","2000000000","71000000","China Creation Ventures, Sierra Ventures, Xingwang Investment Management"
"950","716","1000000000","720000000","Propel Venture Partners, Monashees+, BBVA"
"951","224","4000000000","720000000","Benchmark, Foundation Capital, Sequoia Capital"
"952","22","15000000000","721000000","Sequoia Capital China, Longfor Capitalm, Gaorong Capital"
"953","720","1000000000","722000000","Sequoia Capital China, Goldman Sachs, Matrix Partners China"
"954","322","3000000000","722000000","Founders Fund, Quantum Energy Partners, Bedrock Capital"
"955","279","3000000000","722000000","Insight Partners, Jackson Square Ventures, Liberty Gloval Ventures"
"956","111","6000000000","728000000","Matrix Partners, Andreessen Horowitz, General Catalyst"
"957","126","6000000000","729000000","BlackRock, Blackstone, UBS"
"958","269","3000000000","730000000","Accel, Bain Capital Ventures, Insight Partners"
"959","25","13000000000","734000000","New Enterprise Associates, Spar Capital, Index Ventures"
"960","160","5000000000","734000000","Matrix Partners India, Falcon Edge Capital, SoftBank Group"
"961","731","1000000000","738000000","SWaN & Legend Ventures, Revolution Growth, Invus Group"
"962","202","4000000000","739000000","Benchmark, Accel, SoftBank Group"
"963","74","8000000000","742000000","Sequoia Capital India, Tiger Global Management, Matrix Partners India"
"964","439","2000000000","744000000","People Electrical Appliance Group China, Zhongrong International Trust"
"965","379","2000000000","754000000","Andreessen Horowitz, SoftBank Group, Temasek Holdings"
"966","154","5000000000","755000000","Kaszek Ventures, General Atlantic, SoftBank Group"
"967","423","2000000000","755000000","GGV Capital, QiMing Venture Partnersl"
"968","262","3000000000","75000000","Tiger Global Management, The Raine Group, Malabar Investments"
"969","219","4000000000","761000000","China Health Industry Investment Fund, China Renaissance, and Sequoia Capital China"
"970","161","5000000000","761000000","SoftBank Group, Tiger Global Management, Matrix Partners India"
"971","36","12000000000","765000000","Coatue Management, Sequoia Capital China, IDG Capital"
"972","384","2000000000","766000000","Cherry Ventures, Felix Capital, 83North"
"973","599","2000000000","768000000","JD.com, Baidu, Vision Plus Capital"
"974","20","15000000000","770000000","Target Global, General Catalyst, Durable Capital Partners"
"975","241","3000000000","770000000","Sequoia Capital China, DST Global, DST Global"
"976","69","9000000000","770000000","Nintendo, Google, Pokemon Company International, Spark Capital"
"977","333","3000000000","775000000","Battery Ventures, Andreessen Horowitz, Ribbit Capital"
"978","246","3000000000","775000000","Sequoia Capital China, Sina Weibo, Kleiner Perkins Caufield & Byers, Redpoint Ventures"
"979","70","9000000000","775000000","Andreessen Horowitz, Nor-Cal Invest, TPG Growth"
"980","174","4000000000","776000000","Chiratae Ventures, PremjiInvest, Softbank"
"981","294","3000000000","777000000","83North, RiverPark Ventures, Pitango Venture Capital"
"982","601","2000000000","786000000","Tencent Holdings, 5Y Capital, Sequoia Capital China"
"983","795","1000000000","787000000","Russia-China Investment Fund, Tencent Holdings, Sequoia Capital China"
"984","319","3000000000","788000000","Monashees+, Andreessen Horowitz, QED Investors"
"985","292","3000000000","999000000","Greycroft, Sands Capital, Revolution Growth"
"986","274","3000000000","789000000","Blume Ventures, Nexus Venture Partners, Sequoia Capital India"
"987","538","2000000000","791000000","JTC Group, Qatar Investment Authority, Fidelity Investment"
"988","478","2000000000","792000000","Thrive Capital, Tiger Global Management, Temasek"
"989","1072","1000000000","792000000","IAG Capital Partners, Augmentum Fintech, Northzone Ventures"
"990","200","4000000000","792000000","Breakthrough Energy Ventures, Capricorn Investment Group, Valor Equity Partners"
"991","498","2000000000","792000000","Jiangsu Sha Steel Group, Shanghai Puyin Industry, Funa Yuanchuang Technology"
"992","35","12000000000","799000000","Vickers Venture Partners, IKEA GreenTech"
"993","903","1000000000","79000000","Multicoin Capital, Coatue Management, Dragonfly Capital Partners"
"994","610","1000000000","79000000","DESUN Capital, Yunfeng Capital, Meridian Capital"
"995","11","32000000000","7000000000","Tencent Holdings, KKR, Smash Ventures"
"996","1","100000000000","7000000000","Founders Fund, Draper Fisher Jurvetson, Rothenberg Ventures"
"997","932","1000000000","800000000","Khosla Ventures,General Catalyst, Victory Park Capital"
"998","653","1000000000","800000000","Alibaba Group, KKR, Goldman Sachs"
"999","874","1000000000","800000000","Ardian, Bain Capital"
"1000","37","12000000000","800000000","New Enterprise Associates, BDT Capital Partners, Davidson Kempner Capital Management"
"1001","106","6000000000","802000000","DST Global, Sequoia Capital China, Tencent Holdings"
"1002","117","6000000000","803000000","Blackstone, Technology Crossover Ventures, Summit Partners"
"1003","1071","1000000000","80000000","Xingwang Investment Management, China Capital Investment Group, Matrix Partners China"
"1004","305","3000000000","812000000","Highland Europe, Eurazeo, Canaan Partners"
"1005","110","6000000000","815000000","BPI France, Kerala Ventures, Accel"
"1006","281","3000000000","818000000","Emergence Capital Partners, 8VC, Chicago Ventures"
"1007","81","8000000000","820000000","New Enterprise Associates, T. Rowe Associates, Lightbank"
"1008","152","5000000000","824000000","Kaszek Ventures, Amadeus Capital Partners, Quona Capital"
"1009","122","6000000000","826000000","Atomico, Insight Partners, Coatue Management"
"1010","403","2000000000","828000000","Volkswagen, Access Industries, Vostok New Ventures"
"1011","92","7000000000","844000000","Bessemer Venture Partners, Qualcomm Ventures, Kleiner Perkins Caufield & Byers"
"1012","98","7000000000","849000000","General Atlantic, Goldman Sachs, New Enterprise Associates"
"1013","232","4000000000","856000000","Drive Capital, General Catalyst, Ascension Ventures"
"1014","247","3000000000","859000000","Insight Venture Partners, Lowercase Capital, Polaris Partners"
"1015","388","2000000000","861000000","Notion Capital, Scentan Ventures, Kite Ventures"
"1016","88","7000000000","863000000","NextView Ventures, Eniac Ventures, Sequoia Capital"
"1017","218","4000000000","864000000","Goodwater Capital, iFly, XVC Venture Capital"
"1018","178","4000000000","864000000","WestCap Group, Caisse de depot et placement du Quebec"
"1019","128","5000000000","869000000","Falcon Edge Capital, Omidyar Network, Sequoia Capital India"
"1020","851","1000000000","86000000","Intel Capital, Aviv Venture Capital"
"1021","853","1000000000","86000000","Goldman Sachs Asset Management, SDP Investment, Alibaba Group"
"1022","227","4000000000","870000000","Blackrock, Kleiner Perkins Caulfield & Byers, Google Ventures"
"1023","1061","1000000000","871000000","Sequoia Capital China, ING, Alibaba Entrepreneurs Fund"
"1024","799","1000000000","875000000","Qiming Venture Partners, Yaxia Automobile, Far East Horizon"
"1025","293","3000000000","880000000","Bessemer Venture Partners, Sutter Hill Ventures, Matrix Partners"
"1026","231","4000000000","881000000","Zeev Ventures, Ribbit Capital, TLV Partners"
"1027","114","6000000000","891000000","Thrive Capital, Maverick Ventures, Redpoint Ventures"
"1028","0","180000000000","8000000000","Sequoia Capital China, SIG Asia Investments, Sina Weibo, Softbank Group"
"1029","463","2000000000","902000000","Kibo Ventures, SoftBank Group, Atomico"
"1030","162","5000000000","903000000","Sequoia Capital India, Temasek, PayPal Ventures"
"1031","433","2000000000","90000000","Sequoia Capital China, Warburg Pincus, IDG Capital"
"1032","836","1000000000","90000000","Mangrove Capital Partners,14W, ForgeLight"
"1033","668","1000000000","910000000","Iris Capital, Accel, Elaia Partners"
"1034","123","6000000000","910000000","Greylock Partners, Venrock, Providence Ventures"
"1035","96","7000000000","912000000","Andreessen Horowitz, Lightspeed Venture Partners, Zeev Ventures"
"1036","17","20000000000","918000000","GGV Capital, ZhenFund, Tencent"
"1037","353","3000000000","919000000","Salesforce Ventures, Seedcamp, OMERS Ventures"
"1038","973","1000000000","91000000","Advance Venture Partners, Susquehanna Growth Equity, Lupa Systems"
"1039","97","7000000000","920000000","Slack Fund, Accel, Skip Capital"
"1040","87","7000000000","922000000","Tiger Global Management, DST Global, Sequoia Capital India"
"1041","153","5000000000","926000000","Insight Partners"
"1042","109","6000000000","928000000","Technology Crossover Ventures"
"1043","946","1000000000","92000000","Genesis Partners, Aleph, Insight Partners"
"1044","937","1000000000","93000000","Koch Disruptive Technologies, Teamworthy Ventures, GGV Capital"
"1045","139","5000000000","943000000","CDH Investments, Goldstone Investments, Qiming Venture Partners"
"1046","131","5000000000","943000000","Telling Telecommunication Holding Co., Alibaba Group"
"1047","360","2000000000","946000000","Alibaba Group,Co-Stone Venture Capital, Buhuo Venture Capital"
"1048","658","1000000000","947000000","Sequoia Capital China, Qiming Venture Partners, Tencent Holdings"
"1049","186","4000000000","948000000","Elaia Partners, 83North, Felix Capital"
"1050","604","1000000000","94000000","ARCH Venture Partners, Ally Bridge Group"
"1051","600","2000000000","950000000","Matrix Partners China, Eastern Bell Capital, Hongtai Capital Holdings"
"1052","672","1000000000","96000000","Legend Capital, CDH Investments, Sequoia Capital China"
"1053","518","2000000000","96000000","Sequoia Capital"
"1054","331","3000000000","975000000","Cambridge Innovation Capital, LGT Capital Partners, Escala Capital"
"1055","382","2000000000","975000000","B Capital Group, Monk's Hill Ventures, Dynamic Parcel Distribution"
"1056","21","15000000000","979000000","Benchmark, Greylock Partners, Tencent Holdings"
"1057","271","3000000000","987000000","Warburg Pincus, The Rise Fund, HarbourVest Partners"
"1058","664","1000000000","98000000","Jerusalem Venture Partners, Israel Growth Partners, Insight Partners"
"1059","1070","1000000000","990000000","58.com, Tencent Holdings"
"1060","146","5000000000","996000000","Founders Fund, Accel, Creandum"
"1061","792","1000000000","9000000","ICG"
"1062","639","1000000000","0","China Prosperity Capital"
"1063","567","2000000000","0","Blackstone"
"1064","945","1000000000","0","Advent International, Bain Capital Ventures, Silversmith Capital Partners"
"1065","947","1000000000","0","Berkshire Partners, Norwest Venture Partners"
"1066","717","1000000000","0","Summit Partners, Qatar Holding"
"1067","424","2000000000","0","Rubicon Technology Partners, Max Ventures, Inclusive Capital Partners"
"1068","733","1000000000","0","Insight Partners, Silversmith Capital Partners, Spotify"
"1069","1002","1000000000","0","DST Global, Sequoia Capital China, Gaorong Capital"
"1070","215","4000000000","0","Sequoia Capital"
"1071","866","1000000000","0","Advent International, PSG, Providence Equity Partners"
"1072","651","1000000000","0","NetEase Capital, Northern Light Venture Capital, Microsoft"
"1073","890","1000000000","0","Bain Capital"